frame.time_epoch	frame.len	eth.src	eth.dst	ip.src	ip.dst	tcp.srcport	tcp.dstport	udp.srcport	udp.dstport	icmp.type	icmp.code	arp.opcode	arp.src.hw_mac	arp.src.proto_ipv4	arp.dst.hw_mac	arp.dst.proto_ipv4	ipv6.src	ipv6.dst
1540446382.933899000	60	5c:cf:7f:05:f2:c6	4c:09:d4:c6:12:7b	192.168.2.108	52.24.43.67	21074	80											
1540446382.933904000	60	5c:cf:7f:05:f2:c6	4c:09:d4:c6:12:7b	192.168.2.108	52.25.66.250	20532	8280											
1540446382.934426000	86	4c:09:d4:c6:12:7b	5c:cf:7f:05:f2:c6	192.168.2.1	192.168.2.108	21074	80			3	0							
1540446382.934636000	86	4c:09:d4:c6:12:7b	5c:cf:7f:05:f2:c6	192.168.2.1	192.168.2.108	20532	8280			3	0							
1540446383.291054000	60	48:02:2e:01:83:15	ff:ff:ff:ff:ff:ff									1	48:02:2e:01:83:15	192.168.2.109	00:00:00:00:00:00	192.168.2.106		
1540446383.367591000	74	40:8d:5c:4b:99:1d	3c:33:00:98:ee:fd	192.168.2.101	192.168.2.110					8	0							
1540446383.383526000	74	3c:33:00:98:ee:fd	40:8d:5c:4b:99:1d	192.168.2.110	192.168.2.101					0	0							
1540446383.391651000	117	00:16:6c:7f:82:20	4c:09:d4:c6:12:7b	192.168.2.115	192.168.2.1			2440	53									
1540446383.393709000	117	4c:09:d4:c6:12:7b	00:16:6c:7f:82:20	192.168.2.1	192.168.2.115			53	2440									
1540446383.435821000	60	5c:cf:7f:05:f2:c6	4c:09:d4:c6:12:7b	192.168.2.108	52.24.43.67	21074	80											
1540446383.435884000	60	5c:cf:7f:05:f2:c6	4c:09:d4:c6:12:7b	192.168.2.108	52.25.66.250	20532	8280											
1540446383.436317000	86	4c:09:d4:c6:12:7b	5c:cf:7f:05:f2:c6	192.168.2.1	192.168.2.108	21074	80			3	0							
1540446383.445178000	84	00:16:6c:7f:82:20	4c:09:d4:c6:12:7b	192.168.2.115	192.168.2.1			2440	53									
1540446383.526023000	76	e0:b9:4d:08:71:23	4c:09:d4:c6:12:7b	192.168.2.112	192.168.2.1			52514	53									
1540446383.533132000	83	3c:33:00:98:ee:fd	4c:09:d4:c6:12:7b	192.168.2.110	114.114.114.114			34034	53									
1540446383.533591000	111	4c:09:d4:c6:12:7b	3c:33:00:98:ee:fd	192.168.2.1	192.168.2.110			34034	53	3	0							
1540446383.557865000	82	34:c3:d2:e0:fc:c9	4c:09:d4:c6:12:7b	192.168.2.113	50.19.254.134			50861	10240									
1540446383.558014000	82	34:c3:d2:e0:fc:c9	4c:09:d4:c6:12:7b	192.168.2.113	122.248.234.207			50861	10240									
1540446383.558016000	82	34:c3:d2:e0:fc:c9	4c:09:d4:c6:12:7b	192.168.2.113	46.137.188.54			50861	10240									
1540446383.558017000	82	34:c3:d2:e0:fc:c9	4c:09:d4:c6:12:7b	192.168.2.113	122.226.84.253			50861	10240									
1540446383.558038000	82	34:c3:d2:e0:fc:c9	4c:09:d4:c6:12:7b	192.168.2.113	61.188.37.216			50861	10240									
1540446383.558243000	82	34:c3:d2:e0:fc:c9	4c:09:d4:c6:12:7b	192.168.2.113	120.24.59.150			50861	10240									
1540446383.558259000	82	34:c3:d2:e0:fc:c9	4c:09:d4:c6:12:7b	192.168.2.113	114.215.137.159			50861	10240									
1540446383.558363000	82	34:c3:d2:e0:fc:c9	4c:09:d4:c6:12:7b	192.168.2.113	104.199.156.58			50861	10240									
1540446383.558430000	110	4c:09:d4:c6:12:7b	34:c3:d2:e0:fc:c9	192.168.2.1	192.168.2.113			50861	10240	3	0							
1540446383.558624000	110	4c:09:d4:c6:12:7b	34:c3:d2:e0:fc:c9	192.168.2.1	192.168.2.113			50861	10240	3	0							
1540446383.558821000	110	4c:09:d4:c6:12:7b	34:c3:d2:e0:fc:c9	192.168.2.1	192.168.2.113			50861	10240	3	0							
1540446383.559073000	110	4c:09:d4:c6:12:7b	34:c3:d2:e0:fc:c9	192.168.2.1	192.168.2.113			50861	10240	3	0							
1540446383.559332000	110	4c:09:d4:c6:12:7b	34:c3:d2:e0:fc:c9	192.168.2.1	192.168.2.113			50861	10240	3	0							
1540446383.559690000	110	4c:09:d4:c6:12:7b	34:c3:d2:e0:fc:c9	192.168.2.1	192.168.2.113			50861	10240	3	0							
1540446383.799990000	82	5c:cf:7f:05:f2:c6	4c:09:d4:c6:12:7b	192.168.2.108	50.19.254.134			32761	10240									
1540446383.800053000	82	5c:cf:7f:05:f2:c6	4c:09:d4:c6:12:7b	192.168.2.108	122.248.234.207			32761	10240									
1540446383.801292000	82	5c:cf:7f:05:f2:c6	4c:09:d4:c6:12:7b	192.168.2.108	46.137.188.54			32761	10240									
1540446383.801404000	82	5c:cf:7f:05:f2:c6	4c:09:d4:c6:12:7b	192.168.2.108	122.226.84.253			32761	10240									
1540446383.801405000	82	5c:cf:7f:05:f2:c6	4c:09:d4:c6:12:7b	192.168.2.108	61.188.37.216			32761	10240									
1540446383.961684000	60	5c:cf:7f:05:f2:c6	4c:09:d4:c6:12:7b	192.168.2.108	52.24.43.67	21074	80											
1540446383.961759000	60	5c:cf:7f:05:f2:c6	4c:09:d4:c6:12:7b	192.168.2.108	52.25.66.250	20532	8280											
1540446384.065592000	82	34:c3:d2:e0:fc:c9	4c:09:d4:c6:12:7b	192.168.2.113	50.19.254.134			50861	10240									
1540446384.065736000	82	34:c3:d2:e0:fc:c9	4c:09:d4:c6:12:7b	192.168.2.113	122.248.234.207			50861	10240									
1540446384.065738000	82	34:c3:d2:e0:fc:c9	4c:09:d4:c6:12:7b	192.168.2.113	46.137.188.54			50861	10240									
1540446384.065740000	82	34:c3:d2:e0:fc:c9	4c:09:d4:c6:12:7b	192.168.2.113	122.226.84.253			50861	10240									
1540446384.066445000	82	34:c3:d2:e0:fc:c9	4c:09:d4:c6:12:7b	192.168.2.113	61.188.37.216			50861	10240									
1540446384.066519000	82	34:c3:d2:e0:fc:c9	4c:09:d4:c6:12:7b	192.168.2.113	120.24.59.150			50861	10240									
1540446384.068440000	82	34:c3:d2:e0:fc:c9	4c:09:d4:c6:12:7b	192.168.2.113	114.215.137.159			50861	10240									
1540446384.068995000	82	34:c3:d2:e0:fc:c9	4c:09:d4:c6:12:7b	192.168.2.113	104.199.156.58			50861	10240									
1540446384.279901000	60	00:14:1c:28:d6:06	01:80:c2:00:00:00															
1540446384.291024000	60	48:02:2e:01:83:15	ff:ff:ff:ff:ff:ff									1	48:02:2e:01:83:15	192.168.2.109	00:00:00:00:00:00	192.168.2.106		
1540446384.298071000	82	5c:cf:7f:05:f2:c6	4c:09:d4:c6:12:7b	192.168.2.108	50.19.254.134			32761	10240									
1540446384.298240000	82	5c:cf:7f:05:f2:c6	4c:09:d4:c6:12:7b	192.168.2.108	122.248.234.207			32761	10240									
1540446384.298242000	82	5c:cf:7f:05:f2:c6	4c:09:d4:c6:12:7b	192.168.2.108	46.137.188.54			32761	10240									
1540446384.298244000	82	5c:cf:7f:05:f2:c6	4c:09:d4:c6:12:7b	192.168.2.108	122.226.84.253			32761	10240									
1540446384.298245000	82	5c:cf:7f:05:f2:c6	4c:09:d4:c6:12:7b	192.168.2.108	61.188.37.216			32761	10240									
1540446384.343345000	60	3c:33:00:98:ee:fd	40:8d:5c:4b:99:1d									1	3c:33:00:98:ee:fd	192.168.2.110	00:00:00:00:00:00	192.168.2.101		
1540446384.344127000	60	40:8d:5c:4b:99:1d	3c:33:00:98:ee:fd									2	40:8d:5c:4b:99:1d	192.168.2.101	3c:33:00:98:ee:fd	192.168.2.110		
1540446384.388739000	74	40:8d:5c:4b:99:1d	3c:33:00:98:ee:fd	192.168.2.101	192.168.2.110					8	0							
1540446384.390561000	74	3c:33:00:98:ee:fd	40:8d:5c:4b:99:1d	192.168.2.110	192.168.2.101					0	0							
1540446384.438988000	84	00:16:6c:7f:82:20	4c:09:d4:c6:12:7b	192.168.2.115	192.168.2.1			2437	53									
1540446384.563888000	82	34:c3:d2:e0:fc:c9	4c:09:d4:c6:12:7b	192.168.2.113	50.19.254.134			50861	10240									
1540446384.564010000	82	34:c3:d2:e0:fc:c9	4c:09:d4:c6:12:7b	192.168.2.113	122.248.234.207			50861	10240									
1540446384.564011000	82	34:c3:d2:e0:fc:c9	4c:09:d4:c6:12:7b	192.168.2.113	46.137.188.54			50861	10240									
1540446384.564396000	110	4c:09:d4:c6:12:7b	34:c3:d2:e0:fc:c9	192.168.2.1	192.168.2.113			50861	10240	3	0							
1540446384.564875000	82	34:c3:d2:e0:fc:c9	4c:09:d4:c6:12:7b	192.168.2.113	122.226.84.253			50861	10240									
1540446384.564983000	82	34:c3:d2:e0:fc:c9	4c:09:d4:c6:12:7b	192.168.2.113	61.188.37.216			50861	10240									
1540446384.564985000	82	34:c3:d2:e0:fc:c9	4c:09:d4:c6:12:7b	192.168.2.113	120.24.59.150			50861	10240									
1540446384.565253000	82	34:c3:d2:e0:fc:c9	4c:09:d4:c6:12:7b	192.168.2.113	114.215.137.159			50861	10240									
1540446384.566665000	82	34:c3:d2:e0:fc:c9	4c:09:d4:c6:12:7b	192.168.2.113	104.199.156.58			50861	10240									
1540446384.760579000	82	48:02:2e:01:83:15	4c:09:d4:c6:12:7b	192.168.2.109	192.168.2.1			40240	53									
1540446384.797231000	60	5c:cf:7f:05:f2:c6	4c:09:d4:c6:12:7b	192.168.2.108	52.24.43.67	31913	80											
1540446384.797394000	60	5c:cf:7f:05:f2:c6	4c:09:d4:c6:12:7b	192.168.2.108	52.25.66.250	32452	8280											
1540446384.797396000	82	5c:cf:7f:05:f2:c6	4c:09:d4:c6:12:7b	192.168.2.108	50.19.254.134			32761	10240									
1540446384.797398000	82	5c:cf:7f:05:f2:c6	4c:09:d4:c6:12:7b	192.168.2.108	122.248.234.207			32761	10240									
1540446384.797399000	82	5c:cf:7f:05:f2:c6	4c:09:d4:c6:12:7b	192.168.2.108	46.137.188.54			32761	10240									
1540446384.797751000	86	4c:09:d4:c6:12:7b	5c:cf:7f:05:f2:c6	192.168.2.1	192.168.2.108	31913	80			3	0							
1540446385.069339000	82	34:c3:d2:e0:fc:c9	4c:09:d4:c6:12:7b	192.168.2.113	50.19.254.134			50861	10240									
1540446385.069517000	82	34:c3:d2:e0:fc:c9	4c:09:d4:c6:12:7b	192.168.2.113	122.248.234.207			50861	10240									
1540446385.069540000	82	34:c3:d2:e0:fc:c9	4c:09:d4:c6:12:7b	192.168.2.113	46.137.188.54			50861	10240									
1540446385.069541000	82	34:c3:d2:e0:fc:c9	4c:09:d4:c6:12:7b	192.168.2.113	122.226.84.253			50861	10240									
1540446385.069543000	82	34:c3:d2:e0:fc:c9	4c:09:d4:c6:12:7b	192.168.2.113	61.188.37.216			50861	10240									
1540446385.069783000	82	34:c3:d2:e0:fc:c9	4c:09:d4:c6:12:7b	192.168.2.113	120.24.59.150			50861	10240									
1540446385.069785000	82	34:c3:d2:e0:fc:c9	4c:09:d4:c6:12:7b	192.168.2.113	114.215.137.159			50861	10240									
1540446385.069786000	82	34:c3:d2:e0:fc:c9	4c:09:d4:c6:12:7b	192.168.2.113	104.199.156.58			50861	10240									
1540446385.283973000	60	5c:cf:7f:05:f2:c6	4c:09:d4:c6:12:7b	192.168.2.108	52.25.66.250	32452	8280											
1540446385.284049000	60	5c:cf:7f:05:f2:c6	4c:09:d4:c6:12:7b	192.168.2.108	52.24.43.67	31913	80											
1540446385.291439000	60	48:02:2e:01:83:15	ff:ff:ff:ff:ff:ff									1	48:02:2e:01:83:15	192.168.2.109	00:00:00:00:00:00	192.168.2.106		
1540446385.295303000	82	5c:cf:7f:05:f2:c6	4c:09:d4:c6:12:7b	192.168.2.108	50.19.254.134			32761	10240									
1540446385.295472000	82	5c:cf:7f:05:f2:c6	4c:09:d4:c6:12:7b	192.168.2.108	122.248.234.207			32761	10240									
1540446385.295474000	82	5c:cf:7f:05:f2:c6	4c:09:d4:c6:12:7b	192.168.2.108	46.137.188.54			32761	10240									
1540446385.295475000	82	5c:cf:7f:05:f2:c6	4c:09:d4:c6:12:7b	192.168.2.108	122.226.84.253			32761	10240									
1540446385.295476000	82	5c:cf:7f:05:f2:c6	4c:09:d4:c6:12:7b	192.168.2.108	61.188.37.216			32761	10240									
1540446385.321808000	179	48:02:2e:01:83:15	01:00:5e:7f:ff:fa	192.168.2.109	239.255.255.250			43537	1900									
1540446385.400209000	117	00:16:6c:7f:82:20	4c:09:d4:c6:12:7b	192.168.2.115	192.168.2.1			2441	53									
1540446385.402498000	117	4c:09:d4:c6:12:7b	00:16:6c:7f:82:20	192.168.2.1	192.168.2.115			53	2441									
1540446385.407831000	74	40:8d:5c:4b:99:1d	3c:33:00:98:ee:fd	192.168.2.101	192.168.2.110					8	0							
1540446385.409542000	74	3c:33:00:98:ee:fd	40:8d:5c:4b:99:1d	192.168.2.110	192.168.2.101					0	0							
1540446385.459432000	84	00:16:6c:7f:82:20	4c:09:d4:c6:12:7b	192.168.2.115	192.168.2.1			2441	53									
1540446385.570462000	82	34:c3:d2:e0:fc:c9	4c:09:d4:c6:12:7b	192.168.2.113	50.19.254.134			50861	10240									
1540446385.570921000	110	4c:09:d4:c6:12:7b	34:c3:d2:e0:fc:c9	192.168.2.1	192.168.2.113			50861	10240	3	0							
1540446385.579690000	82	34:c3:d2:e0:fc:c9	4c:09:d4:c6:12:7b	192.168.2.113	122.248.234.207			50861	10240									
1540446385.579771000	82	34:c3:d2:e0:fc:c9	4c:09:d4:c6:12:7b	192.168.2.113	46.137.188.54			50861	10240									
1540446385.580297000	82	34:c3:d2:e0:fc:c9	4c:09:d4:c6:12:7b	192.168.2.113	122.226.84.253			50861	10240									
1540446385.583988000	82	34:c3:d2:e0:fc:c9	4c:09:d4:c6:12:7b	192.168.2.113	61.188.37.216			50861	10240									
1540446385.584066000	82	34:c3:d2:e0:fc:c9	4c:09:d4:c6:12:7b	192.168.2.113	120.24.59.150			50861	10240									
1540446385.584887000	82	34:c3:d2:e0:fc:c9	4c:09:d4:c6:12:7b	192.168.2.113	114.215.137.159			50861	10240									
1540446385.585042000	82	34:c3:d2:e0:fc:c9	4c:09:d4:c6:12:7b	192.168.2.113	104.199.156.58			50861	10240									
1540446385.612950000	70	3c:33:00:98:ee:fd	4c:09:d4:c6:12:7b	192.168.2.110	114.114.114.114			55346	53									
1540446385.613409000	98	4c:09:d4:c6:12:7b	3c:33:00:98:ee:fd	192.168.2.1	192.168.2.110			55346	53	3	0							
1540446385.784695000	60	5c:cf:7f:05:f2:c6	4c:09:d4:c6:12:7b	192.168.2.108	52.25.66.250	32452	8280											
1540446385.784776000	60	5c:cf:7f:05:f2:c6	4c:09:d4:c6:12:7b	192.168.2.108	52.24.43.67	31913	80											
1540446385.785230000	86	4c:09:d4:c6:12:7b	5c:cf:7f:05:f2:c6	192.168.2.1	192.168.2.108	32452	8280			3	0							
1540446385.795226000	82	5c:cf:7f:05:f2:c6	4c:09:d4:c6:12:7b	192.168.2.108	50.19.254.134			32761	10240									
1540446385.795342000	82	5c:cf:7f:05:f2:c6	4c:09:d4:c6:12:7b	192.168.2.108	122.248.234.207			32761	10240									
1540446385.795344000	82	5c:cf:7f:05:f2:c6	4c:09:d4:c6:12:7b	192.168.2.108	46.137.188.54			32761	10240									
1540446385.795345000	82	5c:cf:7f:05:f2:c6	4c:09:d4:c6:12:7b	192.168.2.108	122.226.84.253			32761	10240									
1540446385.795854000	82	5c:cf:7f:05:f2:c6	4c:09:d4:c6:12:7b	192.168.2.108	61.188.37.216			32761	10240									
1540446385.855141000	72	3c:33:00:98:ee:fd	4c:09:d4:c6:12:7b	192.168.2.110	114.114.114.114			38514	53									
1540446385.855624000	100	4c:09:d4:c6:12:7b	3c:33:00:98:ee:fd	192.168.2.1	192.168.2.110			38514	53	3	0							
1540446385.968266000	76	e0:b9:4d:08:71:23	4c:09:d4:c6:12:7b	192.168.2.112	192.168.2.1			52859	53									
1540446385.975907000	74	e0:b9:4d:08:71:23	4c:09:d4:c6:12:7b	192.168.2.112	61.188.37.216	59218	8000											
1540446385.976401000	102	4c:09:d4:c6:12:7b	e0:b9:4d:08:71:23	192.168.2.1	192.168.2.112	59218	8000			3	0							
1540446385.978059000	74	e0:b9:4d:08:71:23	4c:09:d4:c6:12:7b	192.168.2.112	122.226.84.253	47111	443											
1540446385.978530000	102	4c:09:d4:c6:12:7b	e0:b9:4d:08:71:23	192.168.2.1	192.168.2.112	47111	443			3	0							
1540446385.979527000	74	e0:b9:4d:08:71:23	4c:09:d4:c6:12:7b	192.168.2.112	46.137.188.54	47811	80											
1540446385.980002000	102	4c:09:d4:c6:12:7b	e0:b9:4d:08:71:23	192.168.2.1	192.168.2.112	47811	80			3	0							
1540446385.981299000	74	e0:b9:4d:08:71:23	4c:09:d4:c6:12:7b	192.168.2.112	122.248.234.207	54684	8080											
1540446385.981808000	102	4c:09:d4:c6:12:7b	e0:b9:4d:08:71:23	192.168.2.1	192.168.2.112	54684	8080			3	0							
1540446385.983039000	74	e0:b9:4d:08:71:23	4c:09:d4:c6:12:7b	192.168.2.112	50.19.254.134	59975	21047											
1540446385.983503000	102	4c:09:d4:c6:12:7b	e0:b9:4d:08:71:23	192.168.2.1	192.168.2.112	59975	21047			3	0							
1540446386.002886000	80	50:c7:bf:1c:9c:a6	4c:09:d4:c6:12:7b	192.168.2.117	192.168.2.1			47866	53									
1540446386.075447000	74	e0:b9:4d:08:71:23	4c:09:d4:c6:12:7b	192.168.2.112	50.19.254.134	52259	443											
1540446386.075912000	102	4c:09:d4:c6:12:7b	e0:b9:4d:08:71:23	192.168.2.1	192.168.2.112	52259	443			3	0							
1540446386.076610000	74	e0:b9:4d:08:71:23	4c:09:d4:c6:12:7b	192.168.2.112	46.137.188.54	47815	80											
1540446386.076694000	74	e0:b9:4d:08:71:23	4c:09:d4:c6:12:7b	192.168.2.112	61.188.37.216	59225	8000											
1540446386.079139000	74	e0:b9:4d:08:71:23	4c:09:d4:c6:12:7b	192.168.2.112	74.125.31.99	48977	80											
1540446386.086905000	82	34:c3:d2:e0:fc:c9	4c:09:d4:c6:12:7b	192.168.2.113	50.19.254.134			50861	10240									
1540446386.087145000	82	34:c3:d2:e0:fc:c9	4c:09:d4:c6:12:7b	192.168.2.113	122.248.234.207			50861	10240									
1540446386.087168000	82	34:c3:d2:e0:fc:c9	4c:09:d4:c6:12:7b	192.168.2.113	46.137.188.54			50861	10240									
1540446386.087170000	82	34:c3:d2:e0:fc:c9	4c:09:d4:c6:12:7b	192.168.2.113	122.226.84.253			50861	10240									
1540446386.087171000	82	34:c3:d2:e0:fc:c9	4c:09:d4:c6:12:7b	192.168.2.113	61.188.37.216			50861	10240									
1540446386.087172000	82	34:c3:d2:e0:fc:c9	4c:09:d4:c6:12:7b	192.168.2.113	120.24.59.150			50861	10240									
1540446386.087175000	82	34:c3:d2:e0:fc:c9	4c:09:d4:c6:12:7b	192.168.2.113	114.215.137.159			50861	10240									
1540446386.087430000	82	34:c3:d2:e0:fc:c9	4c:09:d4:c6:12:7b	192.168.2.113	104.199.156.58			50861	10240									
1540446386.268145000	75	50:c7:bf:1c:9c:c6	4c:09:d4:c6:12:7b	192.168.2.119	192.168.2.1			36271	53									
1540446386.280887000	60	00:14:1c:28:d6:06	01:80:c2:00:00:00															
1540446386.283477000	60	5c:cf:7f:05:f2:c6	4c:09:d4:c6:12:7b	192.168.2.108	52.25.66.250	32452	8280											
1540446386.283536000	60	5c:cf:7f:05:f2:c6	4c:09:d4:c6:12:7b	192.168.2.108	52.24.43.67	31913	80											
1540446386.291009000	60	48:02:2e:01:83:15	ff:ff:ff:ff:ff:ff									1	48:02:2e:01:83:15	192.168.2.109	00:00:00:00:00:00	192.168.2.106		
1540446386.295486000	82	5c:cf:7f:05:f2:c6	4c:09:d4:c6:12:7b	192.168.2.108	50.19.254.134			32761	10240									
1540446386.295624000	82	5c:cf:7f:05:f2:c6	4c:09:d4:c6:12:7b	192.168.2.108	122.248.234.207			32761	10240									
1540446386.295625000	82	5c:cf:7f:05:f2:c6	4c:09:d4:c6:12:7b	192.168.2.108	46.137.188.54			32761	10240									
1540446386.295648000	82	5c:cf:7f:05:f2:c6	4c:09:d4:c6:12:7b	192.168.2.108	122.226.84.253			32761	10240									
1540446386.295785000	82	5c:cf:7f:05:f2:c6	4c:09:d4:c6:12:7b	192.168.2.108	61.188.37.216			32761	10240									
1540446386.428190000	74	40:8d:5c:4b:99:1d	3c:33:00:98:ee:fd	192.168.2.101	192.168.2.110					8	0							
1540446386.429947000	74	3c:33:00:98:ee:fd	40:8d:5c:4b:99:1d	192.168.2.110	192.168.2.101					0	0							
1540446386.439812000	84	00:16:6c:7f:82:20	4c:09:d4:c6:12:7b	192.168.2.115	192.168.2.1			2438	53									
1540446386.589205000	82	34:c3:d2:e0:fc:c9	4c:09:d4:c6:12:7b	192.168.2.113	50.19.254.134			50861	10240									
1540446386.589376000	82	34:c3:d2:e0:fc:c9	4c:09:d4:c6:12:7b	192.168.2.113	122.248.234.207			50861	10240									
1540446386.589378000	82	34:c3:d2:e0:fc:c9	4c:09:d4:c6:12:7b	192.168.2.113	46.137.188.54			50861	10240									
1540446386.589380000	82	34:c3:d2:e0:fc:c9	4c:09:d4:c6:12:7b	192.168.2.113	122.226.84.253			50861	10240									
1540446386.589382000	82	34:c3:d2:e0:fc:c9	4c:09:d4:c6:12:7b	192.168.2.113	61.188.37.216			50861	10240									
1540446386.589734000	110	4c:09:d4:c6:12:7b	34:c3:d2:e0:fc:c9	192.168.2.1	192.168.2.113			50861	10240	3	0							
1540446386.590209000	82	34:c3:d2:e0:fc:c9	4c:09:d4:c6:12:7b	192.168.2.113	120.24.59.150			50861	10240									
1540446386.590317000	82	34:c3:d2:e0:fc:c9	4c:09:d4:c6:12:7b	192.168.2.113	114.215.137.159			50861	10240									
1540446386.590318000	82	34:c3:d2:e0:fc:c9	4c:09:d4:c6:12:7b	192.168.2.113	104.199.156.58			50861	10240									
1540446386.712789000	82	3c:33:00:98:ee:fd	4c:09:d4:c6:12:7b	192.168.2.110	114.114.114.114			50406	53									
1540446386.713288000	110	4c:09:d4:c6:12:7b	3c:33:00:98:ee:fd	192.168.2.1	192.168.2.110			50406	53	3	0							
1540446386.797320000	82	5c:cf:7f:05:f2:c6	4c:09:d4:c6:12:7b	192.168.2.108	50.19.254.134			32761	10240									
1540446386.797437000	82	5c:cf:7f:05:f2:c6	4c:09:d4:c6:12:7b	192.168.2.108	122.248.234.207			32761	10240									
1540446386.797438000	82	5c:cf:7f:05:f2:c6	4c:09:d4:c6:12:7b	192.168.2.108	46.137.188.54			32761	10240									
1540446386.797785000	110	4c:09:d4:c6:12:7b	5c:cf:7f:05:f2:c6	192.168.2.1	192.168.2.108			32761	10240	3	0							
1540446386.809495000	82	5c:cf:7f:05:f2:c6	4c:09:d4:c6:12:7b	192.168.2.108	122.226.84.253			32761	10240									
1540446386.810005000	82	5c:cf:7f:05:f2:c6	4c:09:d4:c6:12:7b	192.168.2.108	61.188.37.216			32761	10240									
1540446387.067750000	74	e0:b9:4d:08:71:23	4c:09:d4:c6:12:7b	192.168.2.112	46.137.188.54	47815	80											
1540446387.068275000	102	4c:09:d4:c6:12:7b	e0:b9:4d:08:71:23	192.168.2.1	192.168.2.112	47815	80			3	0							
1540446387.077679000	74	e0:b9:4d:08:71:23	4c:09:d4:c6:12:7b	192.168.2.112	61.188.37.216	59225	8000											
1540446387.080440000	74	e0:b9:4d:08:71:23	4c:09:d4:c6:12:7b	192.168.2.112	74.125.31.99	48977	80											
1540446387.094522000	82	34:c3:d2:e0:fc:c9	4c:09:d4:c6:12:7b	192.168.2.113	50.19.254.134			50861	10240									
1540446387.094725000	82	34:c3:d2:e0:fc:c9	4c:09:d4:c6:12:7b	192.168.2.113	122.248.234.207			50861	10240									
1540446387.094726000	82	34:c3:d2:e0:fc:c9	4c:09:d4:c6:12:7b	192.168.2.113	46.137.188.54			50861	10240									
1540446387.094728000	82	34:c3:d2:e0:fc:c9	4c:09:d4:c6:12:7b	192.168.2.113	122.226.84.253			50861	10240									
1540446387.094729000	82	34:c3:d2:e0:fc:c9	4c:09:d4:c6:12:7b	192.168.2.113	61.188.37.216			50861	10240									
1540446387.094730000	82	34:c3:d2:e0:fc:c9	4c:09:d4:c6:12:7b	192.168.2.113	120.24.59.150			50861	10240									
1540446387.094983000	82	34:c3:d2:e0:fc:c9	4c:09:d4:c6:12:7b	192.168.2.113	114.215.137.159			50861	10240									
1540446387.094984000	82	34:c3:d2:e0:fc:c9	4c:09:d4:c6:12:7b	192.168.2.113	104.199.156.58			50861	10240									
1540446387.292483000	60	48:02:2e:01:83:15	ff:ff:ff:ff:ff:ff									1	48:02:2e:01:83:15	192.168.2.109	00:00:00:00:00:00	192.168.2.106		
1540446387.299639000	82	5c:cf:7f:05:f2:c6	4c:09:d4:c6:12:7b	192.168.2.108	50.19.254.134			32761	10240									
1540446387.299798000	82	5c:cf:7f:05:f2:c6	4c:09:d4:c6:12:7b	192.168.2.108	122.248.234.207			32761	10240									
1540446387.299800000	82	5c:cf:7f:05:f2:c6	4c:09:d4:c6:12:7b	192.168.2.108	46.137.188.54			32761	10240									
1540446387.299801000	82	5c:cf:7f:05:f2:c6	4c:09:d4:c6:12:7b	192.168.2.108	122.226.84.253			32761	10240									
1540446387.299922000	82	5c:cf:7f:05:f2:c6	4c:09:d4:c6:12:7b	192.168.2.108	61.188.37.216			32761	10240									
1540446387.380484000	71	48:02:2e:01:83:15	4c:09:d4:c6:12:7b	192.168.2.109	114.114.114.114			58728	53									
1540446387.380971000	99	4c:09:d4:c6:12:7b	48:02:2e:01:83:15	192.168.2.1	192.168.2.109			58728	53	3	0							
1540446387.419539000	117	00:16:6c:7f:82:20	4c:09:d4:c6:12:7b	192.168.2.115	192.168.2.1			2442	53									
1540446387.421602000	117	4c:09:d4:c6:12:7b	00:16:6c:7f:82:20	192.168.2.1	192.168.2.115			53	2442									
1540446387.435466000	74	40:8d:5c:4b:99:1d	3c:33:00:98:ee:fd	192.168.2.101	192.168.2.110					8	0							
1540446387.437105000	74	3c:33:00:98:ee:fd	40:8d:5c:4b:99:1d	192.168.2.110	192.168.2.101					0	0							
1540446387.461831000	84	00:16:6c:7f:82:20	4c:09:d4:c6:12:7b	192.168.2.115	192.168.2.1			2442	53									
1540446387.479365000	80	50:c7:bf:1c:9c:c6	4c:09:d4:c6:12:7b	192.168.2.119	192.168.2.1			58289	53									
1540446387.596154000	82	34:c3:d2:e0:fc:c9	4c:09:d4:c6:12:7b	192.168.2.113	50.19.254.134			50861	10240									
1540446387.596271000	82	34:c3:d2:e0:fc:c9	4c:09:d4:c6:12:7b	192.168.2.113	122.248.234.207			50861	10240									
1540446387.596272000	82	34:c3:d2:e0:fc:c9	4c:09:d4:c6:12:7b	192.168.2.113	46.137.188.54			50861	10240									
1540446387.596674000	110	4c:09:d4:c6:12:7b	34:c3:d2:e0:fc:c9	192.168.2.1	192.168.2.113			50861	10240	3	0							
1540446387.597249000	82	34:c3:d2:e0:fc:c9	4c:09:d4:c6:12:7b	192.168.2.113	122.226.84.253			50861	10240									
1540446387.597353000	82	34:c3:d2:e0:fc:c9	4c:09:d4:c6:12:7b	192.168.2.113	61.188.37.216			50861	10240									
1540446387.597355000	82	34:c3:d2:e0:fc:c9	4c:09:d4:c6:12:7b	192.168.2.113	120.24.59.150			50861	10240									
1540446387.598091000	82	34:c3:d2:e0:fc:c9	4c:09:d4:c6:12:7b	192.168.2.113	114.215.137.159			50861	10240									
1540446387.598174000	82	34:c3:d2:e0:fc:c9	4c:09:d4:c6:12:7b	192.168.2.113	104.199.156.58			50861	10240									
1540446387.668721000	73	00:16:6c:7f:82:20	4c:09:d4:c6:12:7b	192.168.2.115	192.168.2.1			2439	53									
1540446387.726186000	98	34:c3:d2:e0:fc:c9	4c:09:d4:c6:12:7b	192.168.2.113	192.168.2.1					8	0							
1540446387.726684000	98	4c:09:d4:c6:12:7b	34:c3:d2:e0:fc:c9	192.168.2.1	192.168.2.113					0	0							
1540446387.760573000	78	48:02:2e:01:83:15	4c:09:d4:c6:12:7b	192.168.2.109	114.114.114.114			60605	53									
1540446387.761043000	106	4c:09:d4:c6:12:7b	48:02:2e:01:83:15	192.168.2.1	192.168.2.109			60605	53	3	0							
1540446387.797240000	82	5c:cf:7f:05:f2:c6	4c:09:d4:c6:12:7b	192.168.2.108	50.19.254.134			32761	10240									
1540446387.797303000	82	5c:cf:7f:05:f2:c6	4c:09:d4:c6:12:7b	192.168.2.108	122.248.234.207			32761	10240									
1540446387.797512000	82	5c:cf:7f:05:f2:c6	4c:09:d4:c6:12:7b	192.168.2.108	46.137.188.54			32761	10240									
1540446387.805954000	82	5c:cf:7f:05:f2:c6	4c:09:d4:c6:12:7b	192.168.2.108	122.226.84.253			32761	10240									
1540446387.806030000	82	5c:cf:7f:05:f2:c6	4c:09:d4:c6:12:7b	192.168.2.108	61.188.37.216			32761	10240									
1540446387.806443000	110	4c:09:d4:c6:12:7b	5c:cf:7f:05:f2:c6	192.168.2.1	192.168.2.108			32761	10240	3	0							
1540446387.857385000	86	4c:09:d4:c6:12:7b	33:33:00:00:00:01														fe80::1	ff02::1
1540446388.099865000	82	34:c3:d2:e0:fc:c9	4c:09:d4:c6:12:7b	192.168.2.113	50.19.254.134			50861	10240									
1540446388.100039000	82	34:c3:d2:e0:fc:c9	4c:09:d4:c6:12:7b	192.168.2.113	122.248.234.207			50861	10240									
1540446388.100041000	82	34:c3:d2:e0:fc:c9	4c:09:d4:c6:12:7b	192.168.2.113	46.137.188.54			50861	10240									
1540446388.100065000	82	34:c3:d2:e0:fc:c9	4c:09:d4:c6:12:7b	192.168.2.113	122.226.84.253			50861	10240									
1540446388.100066000	82	34:c3:d2:e0:fc:c9	4c:09:d4:c6:12:7b	192.168.2.113	61.188.37.216			50861	10240									
1540446388.100328000	82	34:c3:d2:e0:fc:c9	4c:09:d4:c6:12:7b	192.168.2.113	120.24.59.150			50861	10240									
1540446388.100330000	82	34:c3:d2:e0:fc:c9	4c:09:d4:c6:12:7b	192.168.2.113	114.215.137.159			50861	10240									
1540446388.100331000	82	34:c3:d2:e0:fc:c9	4c:09:d4:c6:12:7b	192.168.2.113	104.199.156.58			50861	10240									
1540446388.280008000	60	00:14:1c:28:d6:06	01:80:c2:00:00:00															
1540446388.372825000	60	48:02:2e:01:83:15	ff:ff:ff:ff:ff:ff									1	48:02:2e:01:83:15	192.168.2.109	00:00:00:00:00:00	192.168.2.106		
1540446388.384733000	88	34:ea:34:f1:04:83	4c:09:d4:c6:12:7b	192.168.2.104	192.168.2.1			1244	53									
1540446388.440307000	84	00:16:6c:7f:82:20	4c:09:d4:c6:12:7b	192.168.2.115	192.168.2.1			2440	53									
1540446388.446302000	74	40:8d:5c:4b:99:1d	3c:33:00:98:ee:fd	192.168.2.101	192.168.2.110					8	0							
1540446388.455863000	74	3c:33:00:98:ee:fd	40:8d:5c:4b:99:1d	192.168.2.110	192.168.2.101					0	0							
1540446388.531558000	76	e0:b9:4d:08:71:23	4c:09:d4:c6:12:7b	192.168.2.112	192.168.2.1			39156	53									
1540446388.604817000	74	34:c3:d2:e0:fc:c9	4c:09:d4:c6:12:7b	192.168.2.113	120.24.59.150	48105	80											
1540446388.605357000	102	4c:09:d4:c6:12:7b	34:c3:d2:e0:fc:c9	192.168.2.1	192.168.2.113	48105	80			3	0							
1540446388.605936000	74	34:c3:d2:e0:fc:c9	4c:09:d4:c6:12:7b	192.168.2.113	46.137.188.54	54180	80											
1540446388.608262000	74	34:c3:d2:e0:fc:c9	4c:09:d4:c6:12:7b	192.168.2.113	114.215.137.159	33908	443											
1540446388.609690000	74	34:c3:d2:e0:fc:c9	4c:09:d4:c6:12:7b	192.168.2.113	122.226.84.253	40017	443											
1540446388.612891000	74	34:c3:d2:e0:fc:c9	4c:09:d4:c6:12:7b	192.168.2.113	61.188.37.216	57547	8000											
1540446388.615528000	74	34:c3:d2:e0:fc:c9	4c:09:d4:c6:12:7b	192.168.2.113	122.248.234.207	40634	8080											
1540446388.616102000	74	34:c3:d2:e0:fc:c9	4c:09:d4:c6:12:7b	192.168.2.113	50.19.254.134	51376	21047											
1540446388.622779000	74	34:c3:d2:e0:fc:c9	4c:09:d4:c6:12:7b	192.168.2.113	104.199.156.58	57829	80											
1540446388.647250000	75	50:c7:bf:1c:9c:a6	4c:09:d4:c6:12:7b	192.168.2.117	192.168.2.1			56509	53									
1540446388.726835000	98	34:c3:d2:e0:fc:c9	4c:09:d4:c6:12:7b	192.168.2.113	192.168.2.1					8	0							
1540446388.727335000	98	4c:09:d4:c6:12:7b	34:c3:d2:e0:fc:c9	192.168.2.1	192.168.2.113					0	0							
1540446388.797835000	82	5c:cf:7f:05:f2:c6	4c:09:d4:c6:12:7b	192.168.2.108	50.19.254.134			32761	10240									
1540446388.798013000	82	5c:cf:7f:05:f2:c6	4c:09:d4:c6:12:7b	192.168.2.108	122.248.234.207			32761	10240									
1540446388.798015000	82	5c:cf:7f:05:f2:c6	4c:09:d4:c6:12:7b	192.168.2.108	46.137.188.54			32761	10240									
1540446388.798016000	82	5c:cf:7f:05:f2:c6	4c:09:d4:c6:12:7b	192.168.2.108	122.226.84.253			32761	10240									
1540446388.798018000	82	5c:cf:7f:05:f2:c6	4c:09:d4:c6:12:7b	192.168.2.108	61.188.37.216			32761	10240									
1540446388.798341000	110	4c:09:d4:c6:12:7b	5c:cf:7f:05:f2:c6	192.168.2.1	192.168.2.108			32761	10240	3	0							
1540446389.078754000	74	e0:b9:4d:08:71:23	4c:09:d4:c6:12:7b	192.168.2.112	61.188.37.216	59225	8000											
1540446389.078875000	74	e0:b9:4d:08:71:23	4c:09:d4:c6:12:7b	192.168.2.112	74.125.31.99	48977	80											
1540446389.079297000	102	4c:09:d4:c6:12:7b	e0:b9:4d:08:71:23	192.168.2.1	192.168.2.112	59225	8000			3	0							
1540446389.079629000	102	4c:09:d4:c6:12:7b	e0:b9:4d:08:71:23	192.168.2.1	192.168.2.112	48977	80			3	0							
1540446389.298317000	82	5c:cf:7f:05:f2:c6	4c:09:d4:c6:12:7b	192.168.2.108	50.19.254.134			32761	10240									
1540446389.301249000	82	5c:cf:7f:05:f2:c6	4c:09:d4:c6:12:7b	192.168.2.108	122.248.234.207			32761	10240									
1540446389.301364000	82	5c:cf:7f:05:f2:c6	4c:09:d4:c6:12:7b	192.168.2.108	46.137.188.54			32761	10240									
1540446389.301367000	82	5c:cf:7f:05:f2:c6	4c:09:d4:c6:12:7b	192.168.2.108	122.226.84.253			32761	10240									
1540446389.302068000	82	5c:cf:7f:05:f2:c6	4c:09:d4:c6:12:7b	192.168.2.108	61.188.37.216			32761	10240									
1540446389.340843000	88	34:ea:34:f1:04:83	4c:09:d4:c6:12:7b	192.168.2.104	192.168.2.1			1244	53									
1540446389.371090000	60	48:02:2e:01:83:15	ff:ff:ff:ff:ff:ff									1	48:02:2e:01:83:15	192.168.2.109	00:00:00:00:00:00	192.168.2.106		
1540446389.387823000	88	34:ea:34:f1:04:83	4c:09:d4:c6:12:7b	192.168.2.104	192.168.2.1			1244	53									
1540446389.407249000	60	5c:cf:7f:05:f2:c6	4c:09:d4:c6:12:7b	192.168.2.108	52.25.66.250	45077	8280											
1540446389.407711000	86	4c:09:d4:c6:12:7b	5c:cf:7f:05:f2:c6	192.168.2.1	192.168.2.108	45077	8280			3	0							
1540446389.420311000	60	5c:cf:7f:05:f2:c6	4c:09:d4:c6:12:7b	192.168.2.108	52.24.43.67	45618	80											
1540446389.441921000	117	00:16:6c:7f:82:20	4c:09:d4:c6:12:7b	192.168.2.115	192.168.2.1			2443	53									
1540446389.444061000	117	4c:09:d4:c6:12:7b	00:16:6c:7f:82:20	192.168.2.1	192.168.2.115			53	2443									
1540446389.461858000	74	40:8d:5c:4b:99:1d	3c:33:00:98:ee:fd	192.168.2.101	192.168.2.110					8	0							
1540446389.464109000	74	3c:33:00:98:ee:fd	40:8d:5c:4b:99:1d	192.168.2.110	192.168.2.101					0	0							
1540446389.467927000	84	00:16:6c:7f:82:20	4c:09:d4:c6:12:7b	192.168.2.115	192.168.2.1			2443	53									
1540446389.601163000	74	34:c3:d2:e0:fc:c9	4c:09:d4:c6:12:7b	192.168.2.113	46.137.188.54	54180	80											
1540446389.601283000	74	34:c3:d2:e0:fc:c9	4c:09:d4:c6:12:7b	192.168.2.113	114.215.137.159	33908	443											
1540446389.601284000	74	34:c3:d2:e0:fc:c9	4c:09:d4:c6:12:7b	192.168.2.113	122.226.84.253	40017	443											
1540446389.601695000	102	4c:09:d4:c6:12:7b	34:c3:d2:e0:fc:c9	192.168.2.1	192.168.2.113	54180	80			3	0							
1540446389.611326000	74	34:c3:d2:e0:fc:c9	4c:09:d4:c6:12:7b	192.168.2.113	61.188.37.216	57547	8000											
1540446389.611459000	74	34:c3:d2:e0:fc:c9	4c:09:d4:c6:12:7b	192.168.2.113	122.248.234.207	40634	8080											
1540446389.611460000	74	34:c3:d2:e0:fc:c9	4c:09:d4:c6:12:7b	192.168.2.113	50.19.254.134	51376	21047											
1540446389.611462000	74	34:c3:d2:e0:fc:c9	4c:09:d4:c6:12:7b	192.168.2.113	104.199.156.58	57829	80											
1540446389.641158000	83	3c:33:00:98:ee:fd	4c:09:d4:c6:12:7b	192.168.2.110	114.114.114.114			56258	53									
1540446389.641661000	111	4c:09:d4:c6:12:7b	3c:33:00:98:ee:fd	192.168.2.1	192.168.2.110			56258	53	3	0							
1540446389.727329000	98	34:c3:d2:e0:fc:c9	4c:09:d4:c6:12:7b	192.168.2.113	192.168.2.1					8	0							
1540446389.727769000	98	4c:09:d4:c6:12:7b	34:c3:d2:e0:fc:c9	192.168.2.1	192.168.2.113					0	0							
1540446389.783165000	82	48:02:2e:01:83:15	4c:09:d4:c6:12:7b	192.168.2.109	114.114.114.114			45418	53									
1540446389.783636000	110	4c:09:d4:c6:12:7b	48:02:2e:01:83:15	192.168.2.1	192.168.2.109			45418	53	3	0							
1540446389.885400000	60	5c:cf:7f:05:f2:c6	4c:09:d4:c6:12:7b	192.168.2.108	52.24.43.67	45618	80											
1540446389.885465000	60	5c:cf:7f:05:f2:c6	4c:09:d4:c6:12:7b	192.168.2.108	52.25.66.250	45077	8280											
1540446390.280078000	60	00:14:1c:28:d6:06	01:80:c2:00:00:00															
1540446390.370985000	60	48:02:2e:01:83:15	ff:ff:ff:ff:ff:ff									1	48:02:2e:01:83:15	192.168.2.109	00:00:00:00:00:00	192.168.2.106		
1540446390.380465000	88	34:ea:34:f1:04:83	4c:09:d4:c6:12:7b	192.168.2.104	192.168.2.1			1244	53									
1540446390.408313000	60	5c:cf:7f:05:f2:c6	4c:09:d4:c6:12:7b	192.168.2.108	52.24.43.67	45618	80											
1540446390.408376000	60	5c:cf:7f:05:f2:c6	4c:09:d4:c6:12:7b	192.168.2.108	52.25.66.250	45077	8280											
1540446390.408847000	86	4c:09:d4:c6:12:7b	5c:cf:7f:05:f2:c6	192.168.2.1	192.168.2.108	45618	80			3	0							
1540446390.458669000	84	00:16:6c:7f:82:20	4c:09:d4:c6:12:7b	192.168.2.115	192.168.2.1			2441	53									
1540446390.471400000	74	40:8d:5c:4b:99:1d	3c:33:00:98:ee:fd	192.168.2.101	192.168.2.110					8	0							
1540446390.475200000	74	3c:33:00:98:ee:fd	40:8d:5c:4b:99:1d	192.168.2.110	192.168.2.101					0	0							
1540446390.626061000	70	3c:33:00:98:ee:fd	4c:09:d4:c6:12:7b	192.168.2.110	8.8.8.8			55696	53									
1540446390.626550000	98	4c:09:d4:c6:12:7b	3c:33:00:98:ee:fd	192.168.2.1	192.168.2.110			55696	53	3	0							
1540446390.727887000	98	34:c3:d2:e0:fc:c9	4c:09:d4:c6:12:7b	192.168.2.113	192.168.2.1					8	0							
1540446390.728386000	98	4c:09:d4:c6:12:7b	34:c3:d2:e0:fc:c9	192.168.2.1	192.168.2.113					0	0							
1540446390.852214000	73	00:ec:04:56:93:03	4c:09:d4:c6:12:7b	192.168.2.126	192.168.2.1			3126	53									
1540446390.863809000	72	3c:33:00:98:ee:fd	4c:09:d4:c6:12:7b	192.168.2.110	8.8.8.8			48508	53									
1540446390.864314000	100	4c:09:d4:c6:12:7b	3c:33:00:98:ee:fd	192.168.2.1	192.168.2.110			48508	53	3	0							
1540446390.933340000	60	5c:cf:7f:05:f2:c6	4c:09:d4:c6:12:7b	192.168.2.108	52.24.43.67	45618	80											
1540446390.933404000	60	5c:cf:7f:05:f2:c6	4c:09:d4:c6:12:7b	192.168.2.108	52.25.66.250	45077	8280											
1540446390.978465000	76	e0:b9:4d:08:71:23	4c:09:d4:c6:12:7b	192.168.2.112	192.168.2.1			57048	53									
1540446391.235929000	60	00:14:1c:28:d6:06	00:14:1c:28:d6:06															
1540446391.250508000	60	50:c7:bf:1c:9c:c6	4c:09:d4:c6:12:7b									1	50:c7:bf:1c:9c:c6	192.168.2.119	00:00:00:00:00:00	192.168.2.1		
1540446391.250824000	60	4c:09:d4:c6:12:7b	50:c7:bf:1c:9c:c6									2	4c:09:d4:c6:12:7b	192.168.2.1	50:c7:bf:1c:9c:c6	192.168.2.119		
1540446391.371625000	60	48:02:2e:01:83:15	ff:ff:ff:ff:ff:ff									1	48:02:2e:01:83:15	192.168.2.109	00:00:00:00:00:00	192.168.2.106		
1540446391.439491000	117	00:16:6c:7f:82:20	4c:09:d4:c6:12:7b	192.168.2.115	192.168.2.1			2444	53									
1540446391.441602000	117	4c:09:d4:c6:12:7b	00:16:6c:7f:82:20	192.168.2.1	192.168.2.115			53	2444									
1540446391.461937000	84	00:16:6c:7f:82:20	4c:09:d4:c6:12:7b	192.168.2.115	192.168.2.1			2444	53									
1540446391.492955000	74	40:8d:5c:4b:99:1d	3c:33:00:98:ee:fd	192.168.2.101	192.168.2.110					8	0							
1540446391.495634000	74	3c:33:00:98:ee:fd	40:8d:5c:4b:99:1d	192.168.2.110	192.168.2.101					0	0							
1540446391.601294000	74	34:c3:d2:e0:fc:c9	4c:09:d4:c6:12:7b	192.168.2.113	114.215.137.159	33908	443											
1540446391.601338000	74	34:c3:d2:e0:fc:c9	4c:09:d4:c6:12:7b	192.168.2.113	122.226.84.253	40017	443											
1540446391.601779000	102	4c:09:d4:c6:12:7b	34:c3:d2:e0:fc:c9	192.168.2.1	192.168.2.113	33908	443			3	0							
1540446391.602016000	102	4c:09:d4:c6:12:7b	34:c3:d2:e0:fc:c9	192.168.2.1	192.168.2.113	40017	443			3	0							
1540446391.611519000	74	34:c3:d2:e0:fc:c9	4c:09:d4:c6:12:7b	192.168.2.113	61.188.37.216	57547	8000											
1540446391.611648000	74	34:c3:d2:e0:fc:c9	4c:09:d4:c6:12:7b	192.168.2.113	122.248.234.207	40634	8080											
1540446391.611650000	74	34:c3:d2:e0:fc:c9	4c:09:d4:c6:12:7b	192.168.2.113	50.19.254.134	51376	21047											
1540446391.611651000	74	34:c3:d2:e0:fc:c9	4c:09:d4:c6:12:7b	192.168.2.113	104.199.156.58	57829	80											
1540446391.725294000	82	3c:33:00:98:ee:fd	4c:09:d4:c6:12:7b	192.168.2.110	8.8.8.8			38934	53									
1540446391.725766000	110	4c:09:d4:c6:12:7b	3c:33:00:98:ee:fd	192.168.2.1	192.168.2.110			38934	53	3	0							
1540446391.728680000	98	34:c3:d2:e0:fc:c9	4c:09:d4:c6:12:7b	192.168.2.113	192.168.2.1					8	0							
1540446391.729147000	98	4c:09:d4:c6:12:7b	34:c3:d2:e0:fc:c9	192.168.2.1	192.168.2.113					0	0							
1540446392.280173000	60	00:14:1c:28:d6:06	01:80:c2:00:00:00															
1540446392.338606000	88	34:ea:34:f1:04:83	4c:09:d4:c6:12:7b	192.168.2.104	192.168.2.1			1244	53									
1540446392.370950000	60	48:02:2e:01:83:15	ff:ff:ff:ff:ff:ff									1	48:02:2e:01:83:15	192.168.2.109	00:00:00:00:00:00	192.168.2.106		
1540446392.388231000	86	34:ea:34:f1:04:83	4c:09:d4:c6:12:7b	192.168.2.104	192.168.2.1			1245	53									
1540446392.458977000	84	00:16:6c:7f:82:20	4c:09:d4:c6:12:7b	192.168.2.115	192.168.2.1			2442	53									
1540446392.513874000	74	40:8d:5c:4b:99:1d	3c:33:00:98:ee:fd	192.168.2.101	192.168.2.110					8	0							
1540446392.526464000	74	3c:33:00:98:ee:fd	40:8d:5c:4b:99:1d	192.168.2.110	192.168.2.101					0	0							
1540446392.674169000	106	00:16:6c:7f:82:20	4c:09:d4:c6:12:7b	192.168.2.115	192.168.2.1			2445	53									
1540446392.676211000	106	4c:09:d4:c6:12:7b	00:16:6c:7f:82:20	192.168.2.1	192.168.2.115			53	2445									
1540446392.729080000	98	34:c3:d2:e0:fc:c9	4c:09:d4:c6:12:7b	192.168.2.113	192.168.2.1					8	0							
1540446392.729650000	98	4c:09:d4:c6:12:7b	34:c3:d2:e0:fc:c9	192.168.2.1	192.168.2.113					0	0							
1540446392.780532000	78	48:02:2e:01:83:15	4c:09:d4:c6:12:7b	192.168.2.109	8.8.8.8			34723	53									
1540446392.780992000	106	4c:09:d4:c6:12:7b	48:02:2e:01:83:15	192.168.2.1	192.168.2.109			34723	53	3	0							
1540446392.790864000	72	00:16:6c:7f:82:20	4c:09:d4:c6:12:7b	192.168.2.115	192.168.2.1			2445	53									
1540446393.339835000	86	34:ea:34:f1:04:83	4c:09:d4:c6:12:7b	192.168.2.104	192.168.2.1			1245	53									
1540446393.340905000	90	00:ec:04:56:93:03	4c:09:d4:c6:12:7b	192.168.2.126	112.74.102.136			11570	32100									
1540446393.340928000	90	00:ec:04:56:93:03	4c:09:d4:c6:12:7b	192.168.2.126	54.154.5.26			11570	32100									
1540446393.341029000	90	00:ec:04:56:93:03	4c:09:d4:c6:12:7b	192.168.2.126	54.149.224.179			11570	32100									
1540446393.341487000	118	4c:09:d4:c6:12:7b	00:ec:04:56:93:03	192.168.2.1	192.168.2.126			11570	32100	3	0							
1540446393.341687000	118	4c:09:d4:c6:12:7b	00:ec:04:56:93:03	192.168.2.1	192.168.2.126			11570	32100	3	0							
1540446393.341933000	118	4c:09:d4:c6:12:7b	00:ec:04:56:93:03	192.168.2.1	192.168.2.126			11570	32100	3	0							
1540446393.388500000	86	34:ea:34:f1:04:83	4c:09:d4:c6:12:7b	192.168.2.104	192.168.2.1			1245	53									
1540446393.394911000	60	48:02:2e:01:83:15	ff:ff:ff:ff:ff:ff									1	48:02:2e:01:83:15	192.168.2.109	00:00:00:00:00:00	192.168.2.106		
1540446393.439425000	117	00:16:6c:7f:82:20	4c:09:d4:c6:12:7b	192.168.2.115	192.168.2.1			2446	53									
1540446393.441645000	117	4c:09:d4:c6:12:7b	00:16:6c:7f:82:20	192.168.2.1	192.168.2.115			53	2446									
1540446393.466688000	84	00:16:6c:7f:82:20	4c:09:d4:c6:12:7b	192.168.2.115	192.168.2.1			2446	53									
1540446393.534452000	74	40:8d:5c:4b:99:1d	3c:33:00:98:ee:fd	192.168.2.101	192.168.2.110					8	0							
1540446393.537423000	74	3c:33:00:98:ee:fd	40:8d:5c:4b:99:1d	192.168.2.110	192.168.2.101					0	0							
1540446393.729571000	98	34:c3:d2:e0:fc:c9	4c:09:d4:c6:12:7b	192.168.2.113	192.168.2.1					8	0							
1540446393.730036000	98	4c:09:d4:c6:12:7b	34:c3:d2:e0:fc:c9	192.168.2.1	192.168.2.113					0	0							
1540446393.733257000	60	34:c3:d2:e0:fc:c9	4c:09:d4:c6:12:7b									1	34:c3:d2:e0:fc:c9	192.168.2.113	00:00:00:00:00:00	192.168.2.1		
1540446393.733536000	60	4c:09:d4:c6:12:7b	34:c3:d2:e0:fc:c9									2	4c:09:d4:c6:12:7b	192.168.2.1	34:c3:d2:e0:fc:c9	192.168.2.113		
1540446393.797883000	82	5c:cf:7f:05:f2:c6	4c:09:d4:c6:12:7b	192.168.2.108	50.19.254.134			32761	10240									
1540446393.798059000	82	5c:cf:7f:05:f2:c6	4c:09:d4:c6:12:7b	192.168.2.108	122.248.234.207			32761	10240									
1540446393.798061000	82	5c:cf:7f:05:f2:c6	4c:09:d4:c6:12:7b	192.168.2.108	46.137.188.54			32761	10240									
1540446393.798063000	82	5c:cf:7f:05:f2:c6	4c:09:d4:c6:12:7b	192.168.2.108	122.226.84.253			32761	10240									
1540446393.798065000	82	5c:cf:7f:05:f2:c6	4c:09:d4:c6:12:7b	192.168.2.108	61.188.37.216			32761	10240									
1540446393.798366000	110	4c:09:d4:c6:12:7b	5c:cf:7f:05:f2:c6	192.168.2.1	192.168.2.108			32761	10240	3	0							
1540446393.798791000	110	4c:09:d4:c6:12:7b	5c:cf:7f:05:f2:c6	192.168.2.1	192.168.2.108			32761	10240	3	0							
1540446393.798970000	110	4c:09:d4:c6:12:7b	5c:cf:7f:05:f2:c6	192.168.2.1	192.168.2.108			32761	10240	3	0							
1540446394.058970000	60	5c:cf:7f:05:f2:c6	4c:09:d4:c6:12:7b	192.168.2.108	52.24.43.67	44798	80											
1540446394.059034000	60	5c:cf:7f:05:f2:c6	4c:09:d4:c6:12:7b	192.168.2.108	52.25.66.250	45354	8280											
1540446394.280232000	60	00:14:1c:28:d6:06	01:80:c2:00:00:00															
1540446394.298761000	82	5c:cf:7f:05:f2:c6	4c:09:d4:c6:12:7b	192.168.2.108	50.19.254.134			32761	10240									
1540446394.298933000	82	5c:cf:7f:05:f2:c6	4c:09:d4:c6:12:7b	192.168.2.108	122.248.234.207			32761	10240									
1540446394.298935000	82	5c:cf:7f:05:f2:c6	4c:09:d4:c6:12:7b	192.168.2.108	46.137.188.54			32761	10240									
1540446394.298937000	82	5c:cf:7f:05:f2:c6	4c:09:d4:c6:12:7b	192.168.2.108	122.226.84.253			32761	10240									
1540446394.298939000	82	5c:cf:7f:05:f2:c6	4c:09:d4:c6:12:7b	192.168.2.108	61.188.37.216			32761	10240									
1540446394.371369000	60	48:02:2e:01:83:15	ff:ff:ff:ff:ff:ff									1	48:02:2e:01:83:15	192.168.2.109	00:00:00:00:00:00	192.168.2.106		
1540446394.379069000	86	34:ea:34:f1:04:83	4c:09:d4:c6:12:7b	192.168.2.104	192.168.2.1			1245	53									
1540446394.410749000	72	48:02:2e:01:83:15	4c:09:d4:c6:12:7b	192.168.2.109	8.8.8.8			51769	53									
1540446394.411198000	100	4c:09:d4:c6:12:7b	48:02:2e:01:83:15	192.168.2.1	192.168.2.109			51769	53	3	0							
1540446394.459631000	60	5c:cf:7f:05:f2:c6	4c:09:d4:c6:12:7b	192.168.2.108	52.25.66.250	45354	8280											
1540446394.460080000	86	4c:09:d4:c6:12:7b	5c:cf:7f:05:f2:c6	192.168.2.1	192.168.2.108	45354	8280			3	0							
1540446394.462253000	60	5c:cf:7f:05:f2:c6	4c:09:d4:c6:12:7b	192.168.2.108	52.24.43.67	44798	80											
1540446394.470157000	84	00:16:6c:7f:82:20	4c:09:d4:c6:12:7b	192.168.2.115	192.168.2.1			2443	53									
1540446394.540899000	75	e0:b9:4d:08:71:23	4c:09:d4:c6:12:7b	192.168.2.112	192.168.2.1			33233	53									
1540446394.554640000	74	40:8d:5c:4b:99:1d	3c:33:00:98:ee:fd	192.168.2.101	192.168.2.110					8	0							
1540446394.557527000	74	3c:33:00:98:ee:fd	40:8d:5c:4b:99:1d	192.168.2.110	192.168.2.101					0	0							
1540446394.653735000	83	3c:33:00:98:ee:fd	4c:09:d4:c6:12:7b	192.168.2.110	8.8.8.8			56529	53									
1540446394.654189000	111	4c:09:d4:c6:12:7b	3c:33:00:98:ee:fd	192.168.2.1	192.168.2.110			56529	53	3	0							
1540446394.730116000	98	34:c3:d2:e0:fc:c9	4c:09:d4:c6:12:7b	192.168.2.113	192.168.2.1					8	0							
1540446394.730638000	98	4c:09:d4:c6:12:7b	34:c3:d2:e0:fc:c9	192.168.2.1	192.168.2.113					0	0							
1540446394.797886000	82	5c:cf:7f:05:f2:c6	4c:09:d4:c6:12:7b	192.168.2.108	50.19.254.134			32761	10240									
1540446394.798062000	82	5c:cf:7f:05:f2:c6	4c:09:d4:c6:12:7b	192.168.2.108	122.248.234.207			32761	10240									
1540446394.798064000	82	5c:cf:7f:05:f2:c6	4c:09:d4:c6:12:7b	192.168.2.108	46.137.188.54			32761	10240									
1540446394.798066000	82	5c:cf:7f:05:f2:c6	4c:09:d4:c6:12:7b	192.168.2.108	122.226.84.253			32761	10240									
1540446394.798067000	82	5c:cf:7f:05:f2:c6	4c:09:d4:c6:12:7b	192.168.2.108	61.188.37.216			32761	10240									
1540446394.801109000	82	48:02:2e:01:83:15	4c:09:d4:c6:12:7b	192.168.2.109	8.8.8.8			50606	53									
1540446394.801633000	110	4c:09:d4:c6:12:7b	48:02:2e:01:83:15	192.168.2.1	192.168.2.109			50606	53	3	0							
1540446394.956750000	60	5c:cf:7f:05:f2:c6	4c:09:d4:c6:12:7b	192.168.2.108	52.25.66.250	45354	8280											
1540446394.956753000	60	5c:cf:7f:05:f2:c6	4c:09:d4:c6:12:7b	192.168.2.108	52.24.43.67	44798	80											
1540446395.303495000	82	5c:cf:7f:05:f2:c6	4c:09:d4:c6:12:7b	192.168.2.108	50.19.254.134			32761	10240									
1540446395.303560000	82	5c:cf:7f:05:f2:c6	4c:09:d4:c6:12:7b	192.168.2.108	122.248.234.207			32761	10240									
1540446395.312324000	82	5c:cf:7f:05:f2:c6	4c:09:d4:c6:12:7b	192.168.2.108	46.137.188.54			32761	10240									
1540446395.312919000	82	5c:cf:7f:05:f2:c6	4c:09:d4:c6:12:7b	192.168.2.108	122.226.84.253			32761	10240									
1540446395.313001000	82	5c:cf:7f:05:f2:c6	4c:09:d4:c6:12:7b	192.168.2.108	61.188.37.216			32761	10240									
1540446395.371035000	60	48:02:2e:01:83:15	ff:ff:ff:ff:ff:ff									1	48:02:2e:01:83:15	192.168.2.109	00:00:00:00:00:00	192.168.2.106		
1540446395.460149000	117	00:16:6c:7f:82:20	4c:09:d4:c6:12:7b	192.168.2.115	192.168.2.1			2447	53									
1540446395.462348000	117	4c:09:d4:c6:12:7b	00:16:6c:7f:82:20	192.168.2.1	192.168.2.115			53	2447									
1540446395.486985000	60	5c:cf:7f:05:f2:c6	4c:09:d4:c6:12:7b	192.168.2.108	52.25.66.250	45354	8280											
1540446395.487071000	60	5c:cf:7f:05:f2:c6	4c:09:d4:c6:12:7b	192.168.2.108	52.24.43.67	44798	80											
1540446395.487521000	86	4c:09:d4:c6:12:7b	5c:cf:7f:05:f2:c6	192.168.2.1	192.168.2.108	45354	8280			3	0							
1540446395.487973000	84	00:16:6c:7f:82:20	4c:09:d4:c6:12:7b	192.168.2.115	192.168.2.1			2447	53									
1540446395.574625000	74	40:8d:5c:4b:99:1d	3c:33:00:98:ee:fd	192.168.2.101	192.168.2.110					8	0							
1540446395.576457000	74	3c:33:00:98:ee:fd	40:8d:5c:4b:99:1d	192.168.2.110	192.168.2.101					0	0							
1540446395.621183000	74	34:c3:d2:e0:fc:c9	4c:09:d4:c6:12:7b	192.168.2.113	61.188.37.216	57547	8000											
1540446395.621226000	74	34:c3:d2:e0:fc:c9	4c:09:d4:c6:12:7b	192.168.2.113	122.248.234.207	40634	8080											
1540446395.621755000	102	4c:09:d4:c6:12:7b	34:c3:d2:e0:fc:c9	192.168.2.1	192.168.2.113	57547	8000			3	0							
1540446395.621973000	102	4c:09:d4:c6:12:7b	34:c3:d2:e0:fc:c9	192.168.2.1	192.168.2.113	40634	8080			3	0							
1540446395.622077000	74	34:c3:d2:e0:fc:c9	4c:09:d4:c6:12:7b	192.168.2.113	50.19.254.134	51376	21047											
1540446395.622117000	74	34:c3:d2:e0:fc:c9	4c:09:d4:c6:12:7b	192.168.2.113	104.199.156.58	57829	80											
1540446395.622605000	102	4c:09:d4:c6:12:7b	34:c3:d2:e0:fc:c9	192.168.2.1	192.168.2.113	51376	21047			3	0							
1540446395.622822000	102	4c:09:d4:c6:12:7b	34:c3:d2:e0:fc:c9	192.168.2.1	192.168.2.113	57829	80			3	0							
1540446395.643424000	70	3c:33:00:98:ee:fd	4c:09:d4:c6:12:7b	192.168.2.110	192.168.2.1			59685	53									
1540446395.730006000	74	34:c3:d2:e0:fc:c9	4c:09:d4:c6:12:7b	192.168.2.113	210.61.248.232	33814	80											
1540446395.733368000	74	34:c3:d2:e0:fc:c9	4c:09:d4:c6:12:7b	192.168.2.113	42.99.254.162	57406	80											
1540446395.736009000	74	34:c3:d2:e0:fc:c9	4c:09:d4:c6:12:7b	192.168.2.113	203.69.81.91	54295	80											
1540446395.736632000	74	34:c3:d2:e0:fc:c9	4c:09:d4:c6:12:7b	192.168.2.113	61.220.62.219	42664	80											
1540446395.737601000	98	34:c3:d2:e0:fc:c9	4c:09:d4:c6:12:7b	192.168.2.113	192.168.2.1					8	0							
1540446395.738070000	98	4c:09:d4:c6:12:7b	34:c3:d2:e0:fc:c9	192.168.2.1	192.168.2.113					0	0							
1540446395.801232000	82	5c:cf:7f:05:f2:c6	4c:09:d4:c6:12:7b	192.168.2.108	50.19.254.134			32761	10240									
1540446395.801408000	82	5c:cf:7f:05:f2:c6	4c:09:d4:c6:12:7b	192.168.2.108	122.248.234.207			32761	10240									
1540446395.801409000	82	5c:cf:7f:05:f2:c6	4c:09:d4:c6:12:7b	192.168.2.108	46.137.188.54			32761	10240									
1540446395.801411000	82	5c:cf:7f:05:f2:c6	4c:09:d4:c6:12:7b	192.168.2.108	122.226.84.253			32761	10240									
1540446395.801413000	82	5c:cf:7f:05:f2:c6	4c:09:d4:c6:12:7b	192.168.2.108	61.188.37.216			32761	10240									
1540446395.852625000	60	00:ec:04:56:93:03	4c:09:d4:c6:12:7b									1	00:ec:04:56:93:03	192.168.2.126	00:00:00:00:00:00	192.168.2.1		
1540446395.852887000	60	4c:09:d4:c6:12:7b	00:ec:04:56:93:03									2	4c:09:d4:c6:12:7b	192.168.2.1	00:ec:04:56:93:03	192.168.2.126		
1540446395.858120000	86	4c:09:d4:c6:12:7b	33:33:00:00:00:01														fe80::1	ff02::1
1540446395.872421000	72	3c:33:00:98:ee:fd	4c:09:d4:c6:12:7b	192.168.2.110	192.168.2.1			42660	53									
1540446395.978833000	60	e0:b9:4d:08:71:23	4c:09:d4:c6:12:7b									1	e0:b9:4d:08:71:23	192.168.2.112	00:00:00:00:00:00	192.168.2.1		
1540446395.979102000	60	4c:09:d4:c6:12:7b	e0:b9:4d:08:71:23									2	4c:09:d4:c6:12:7b	192.168.2.1	e0:b9:4d:08:71:23	192.168.2.112		
1540446395.979622000	76	e0:b9:4d:08:71:23	4c:09:d4:c6:12:7b	192.168.2.112	192.168.2.1			35663	53									
1540446396.264460000	75	50:c7:bf:1c:9c:c6	4c:09:d4:c6:12:7b	192.168.2.119	192.168.2.1			33613	53									
1540446396.281247000	60	00:14:1c:28:d6:06	01:80:c2:00:00:00															
1540446396.297175000	82	5c:cf:7f:05:f2:c6	4c:09:d4:c6:12:7b	192.168.2.108	50.19.254.134			32761	10240									
1540446396.299815000	82	5c:cf:7f:05:f2:c6	4c:09:d4:c6:12:7b	192.168.2.108	122.248.234.207			32761	10240									
1540446396.299927000	82	5c:cf:7f:05:f2:c6	4c:09:d4:c6:12:7b	192.168.2.108	46.137.188.54			32761	10240									
1540446396.299930000	82	5c:cf:7f:05:f2:c6	4c:09:d4:c6:12:7b	192.168.2.108	122.226.84.253			32761	10240									
1540446396.304702000	82	5c:cf:7f:05:f2:c6	4c:09:d4:c6:12:7b	192.168.2.108	61.188.37.216			32761	10240									
1540446396.342437000	86	34:ea:34:f1:04:83	4c:09:d4:c6:12:7b	192.168.2.104	192.168.2.1			1245	53									
1540446396.370975000	60	48:02:2e:01:83:15	ff:ff:ff:ff:ff:ff									1	48:02:2e:01:83:15	192.168.2.109	00:00:00:00:00:00	192.168.2.106		
1540446396.382051000	88	34:ea:34:f1:04:83	4c:09:d4:c6:12:7b	192.168.2.104	192.168.2.1			1246	53									
1540446396.472105000	84	00:16:6c:7f:82:20	4c:09:d4:c6:12:7b	192.168.2.115	192.168.2.1			2444	53									
1540446396.581889000	74	40:8d:5c:4b:99:1d	3c:33:00:98:ee:fd	192.168.2.101	192.168.2.110					8	0							
1540446396.586198000	74	3c:33:00:98:ee:fd	40:8d:5c:4b:99:1d	192.168.2.110	192.168.2.101					0	0							
1540446396.721120000	74	34:c3:d2:e0:fc:c9	4c:09:d4:c6:12:7b	192.168.2.113	210.61.248.232	33814	80											
1540446396.721629000	102	4c:09:d4:c6:12:7b	34:c3:d2:e0:fc:c9	192.168.2.1	192.168.2.113	33814	80			3	0							
1540446396.731025000	74	34:c3:d2:e0:fc:c9	4c:09:d4:c6:12:7b	192.168.2.113	42.99.254.162	57406	80											
1540446396.731110000	74	34:c3:d2:e0:fc:c9	4c:09:d4:c6:12:7b	192.168.2.113	203.69.81.91	54295	80											
1540446396.732065000	74	34:c3:d2:e0:fc:c9	4c:09:d4:c6:12:7b	192.168.2.113	61.220.62.219	42664	80											
1540446396.733188000	82	3c:33:00:98:ee:fd	4c:09:d4:c6:12:7b	192.168.2.110	192.168.2.1			52676	53									
1540446396.736684000	98	34:c3:d2:e0:fc:c9	4c:09:d4:c6:12:7b	192.168.2.113	192.168.2.1					8	0							
1540446396.737156000	98	4c:09:d4:c6:12:7b	34:c3:d2:e0:fc:c9	192.168.2.1	192.168.2.113					0	0							
1540446396.797616000	82	5c:cf:7f:05:f2:c6	4c:09:d4:c6:12:7b	192.168.2.108	50.19.254.134			32761	10240									
1540446396.797789000	82	5c:cf:7f:05:f2:c6	4c:09:d4:c6:12:7b	192.168.2.108	122.248.234.207			32761	10240									
1540446396.797791000	82	5c:cf:7f:05:f2:c6	4c:09:d4:c6:12:7b	192.168.2.108	46.137.188.54			32761	10240									
1540446396.797792000	82	5c:cf:7f:05:f2:c6	4c:09:d4:c6:12:7b	192.168.2.108	122.226.84.253			32761	10240									
1540446396.797794000	82	5c:cf:7f:05:f2:c6	4c:09:d4:c6:12:7b	192.168.2.108	61.188.37.216			32761	10240									
1540446396.798150000	110	4c:09:d4:c6:12:7b	5c:cf:7f:05:f2:c6	192.168.2.1	192.168.2.108			32761	10240	3	0							
1540446397.297905000	82	5c:cf:7f:05:f2:c6	4c:09:d4:c6:12:7b	192.168.2.108	50.19.254.134			32761	10240									
1540446397.298075000	82	5c:cf:7f:05:f2:c6	4c:09:d4:c6:12:7b	192.168.2.108	122.248.234.207			32761	10240									
1540446397.298077000	82	5c:cf:7f:05:f2:c6	4c:09:d4:c6:12:7b	192.168.2.108	46.137.188.54			32761	10240									
1540446397.298079000	82	5c:cf:7f:05:f2:c6	4c:09:d4:c6:12:7b	192.168.2.108	122.226.84.253			32761	10240									
1540446397.298081000	82	5c:cf:7f:05:f2:c6	4c:09:d4:c6:12:7b	192.168.2.108	61.188.37.216			32761	10240									
1540446397.338834000	88	34:ea:34:f1:04:83	4c:09:d4:c6:12:7b	192.168.2.104	192.168.2.1			1246	53									
1540446397.371395000	60	48:02:2e:01:83:15	ff:ff:ff:ff:ff:ff									1	48:02:2e:01:83:15	192.168.2.109	00:00:00:00:00:00	192.168.2.106		
1540446397.384123000	88	34:ea:34:f1:04:83	4c:09:d4:c6:12:7b	192.168.2.104	192.168.2.1			1246	53									
1540446397.472068000	117	00:16:6c:7f:82:20	4c:09:d4:c6:12:7b	192.168.2.115	192.168.2.1			2448	53									
1540446397.474162000	117	4c:09:d4:c6:12:7b	00:16:6c:7f:82:20	192.168.2.1	192.168.2.115			53	2448									
1540446397.487065000	84	00:16:6c:7f:82:20	4c:09:d4:c6:12:7b	192.168.2.115	192.168.2.1			2448	53									
1540446397.490761000	80	50:c7:bf:1c:9c:c6	4c:09:d4:c6:12:7b	192.168.2.119	192.168.2.1			57533	53									
1540446397.594319000	74	40:8d:5c:4b:99:1d	3c:33:00:98:ee:fd	192.168.2.101	192.168.2.110					8	0							
1540446397.595961000	74	3c:33:00:98:ee:fd	40:8d:5c:4b:99:1d	192.168.2.110	192.168.2.101					0	0							
1540446397.789647000	72	00:16:6c:7f:82:20	4c:09:d4:c6:12:7b	192.168.2.115	192.168.2.1			2445	53									
1540446397.790824000	60	48:02:2e:01:83:15	4c:09:d4:c6:12:7b									1	48:02:2e:01:83:15	192.168.2.109	00:00:00:00:00:00	192.168.2.1		
1540446397.791103000	60	4c:09:d4:c6:12:7b	48:02:2e:01:83:15									2	4c:09:d4:c6:12:7b	192.168.2.1	48:02:2e:01:83:15	192.168.2.109		
1540446397.797459000	82	5c:cf:7f:05:f2:c6	4c:09:d4:c6:12:7b	192.168.2.108	50.19.254.134			32761	10240									
1540446397.797483000	82	5c:cf:7f:05:f2:c6	4c:09:d4:c6:12:7b	192.168.2.108	122.248.234.207			32761	10240									
1540446397.797638000	82	5c:cf:7f:05:f2:c6	4c:09:d4:c6:12:7b	192.168.2.108	46.137.188.54			32761	10240									
1540446397.797639000	82	5c:cf:7f:05:f2:c6	4c:09:d4:c6:12:7b	192.168.2.108	122.226.84.253			32761	10240									
1540446397.797640000	82	5c:cf:7f:05:f2:c6	4c:09:d4:c6:12:7b	192.168.2.108	61.188.37.216			32761	10240									
1540446397.802954000	78	48:02:2e:01:83:15	4c:09:d4:c6:12:7b	192.168.2.109	192.168.2.1			45727	53									
1540446398.280382000	60	00:14:1c:28:d6:06	01:80:c2:00:00:00															
1540446398.370975000	60	48:02:2e:01:83:15	ff:ff:ff:ff:ff:ff									1	48:02:2e:01:83:15	192.168.2.109	00:00:00:00:00:00	192.168.2.106		
1540446398.381561000	88	34:ea:34:f1:04:83	4c:09:d4:c6:12:7b	192.168.2.104	192.168.2.1			1246	53									
1540446398.459835000	84	00:16:6c:7f:82:20	4c:09:d4:c6:12:7b	192.168.2.115	192.168.2.1			2446	53									
1540446398.601435000	74	40:8d:5c:4b:99:1d	3c:33:00:98:ee:fd	192.168.2.101	192.168.2.110					8	0							
1540446398.603223000	74	3c:33:00:98:ee:fd	40:8d:5c:4b:99:1d	192.168.2.110	192.168.2.101					0	0							
1540446398.608613000	60	5c:cf:7f:05:f2:c6	4c:09:d4:c6:12:7b	192.168.2.108	52.25.66.250	44492	8280											
1540446398.608697000	60	5c:cf:7f:05:f2:c6	4c:09:d4:c6:12:7b	192.168.2.108	52.24.43.67	45181	80											
1540446398.609088000	86	4c:09:d4:c6:12:7b	5c:cf:7f:05:f2:c6	192.168.2.1	192.168.2.108	44492	8280			3	0							
