,Feature,CV-ADS1,CV-ADS2,CV-DIS1,CV-DIS2,SS-AD-S1-2,SS-AD-S2-1,SS-DI-S1-2,SS-DI-S2-1,DD-DD11,DD-DD11T,DD-DD12,DD-DD12T,DD-DD21,DD-DD21T,DD-DD22,DD-DD22T
0,arp.duplicate-address-detected,0.0,0.0,0.0,0.0,0.0,0.0,0.0,0.0,0.0,0.0,0.0,0.0,0.0,0.0,0.0,0.0
1,arp.duplicate-address-frame,0.0,0.0,0.0,0.0,0.0,0.0,0.0,0.0,0.0,0.0,0.0,0.0,0.0,0.0,0.0,0.0
2,arp.hw.size,0.0,0.0,0.0,0.0,0.0,0.0,0.0,0.0,0.0,0.0,0.0,0.0,0.0,0.0,0.0,0.0
3,arp.hw.type,0.0,0.0,0.0,0.0,0.0,0.0,0.0,0.0,0.0,0.0,0.0,0.0,0.0,0.0,0.0,0.0
4,arp.isannouncement,0.0,0.0,0.0,0.0,0.0,0.0,0.0,0.0,0.0,0.0,0.0,0.0,0.0,0.0,0.0,0.0
5,arp.isgratuitous,0.0,0.0,0.0,0.0,0.0,0.0,0.0,0.0,0.0,0.0,0.0,0.0,0.0,0.0,0.0,0.0
6,arp.isprobe,0.0,0.0,0.0,0.0,0.0,0.0,0.0,0.0,0.0,0.0,0.0,0.0,0.0,0.0,0.0,0.0
7,arp.opcode,0.0,0.0,0.0,0.0,0.0,0.0,0.0,0.0,0.0,0.0,0.0,0.0,0.0,0.0,0.0,0.0
8,arp.proto.size,0.0,0.0,0.0,0.0,0.0,0.0,0.0,0.0,0.0,0.0,0.0,0.0,0.0,0.0,0.0,0.0
9,arp.proto.type,0.0,0.0,0.0,0.0,0.0,0.0,0.0,0.0,0.0,0.0,0.0,0.0,0.0,0.0,0.0,0.0
10,arp.seconds-since-duplicate-address-frame,0.0,0.0,0.0,0.0,0.0,0.0,0.0,0.0,0.0,0.0,0.0,0.0,0.0,0.0,0.0,0.0
11,dhcp.flags.bc,0.0092380392538638,0.0100577227644956,0.0204601339145714,0.0204756988247206,0.0100721982371544,0.0092847004239476,0.020433807404932,0.0199237739855362,0.0200047291044517,0.0085192642385897,0.0201832115745076,0.009203524559442,0.0200047291044517,0.0093273567419057,0.0201832115745076,0.0099794325108846
12,dhcp.flags,0.0092825718859554,0.010046645435716,0.0205297669551856,0.0204574842906334,0.0100721982371544,0.0092847004239476,0.020433807404932,0.0199237739855362,0.0200047291044517,0.0085192642385897,0.0201832115745076,0.009203524559442,0.0200047291044517,0.0093273567419057,0.0201832115745076,0.0099794325108846
13,dhcp.flags.reserved,0.0091384116488069,0.0100333076245252,0.0205032318657972,0.0204460734686475,0.0100324242267009,0.0092193942219716,0.0204342871678702,0.0199103797665496,0.0200053866318151,0.0085216260571346,0.0201838999546605,0.0092056441777784,0.0200053866318151,0.0093290645670061,0.0201838999546605,0.009981518316857
14,dhcp.hops,0.0091543714165333,0.0100309833804508,0.0205009374710766,0.02046285584715,0.0100324242267009,0.0092193942219716,0.0204342871678702,0.0199103797665496,0.0200053866318151,0.0085216260571346,0.0201838999546605,0.0092056441777784,0.0200053866318151,0.0093290645670061,0.0201838999546605,0.009981518316857
15,dhcp.hw.addr_padding,0.0091494186052095,0.0099764906909771,0.0204334417059528,0.020399021093944,0.0100324242267009,0.0092193942219716,0.0204342871678702,0.0199103797665496,0.0200053866318151,0.0085216260571346,0.0201838999546605,0.0092056441777784,0.0200053866318151,0.0093290645670061,0.0201838999546605,0.009981518316857
16,dhcp.hw.len,0.0091494186052095,0.0100303499664793,0.0204998742738749,0.0204459060969471,0.0100324242267009,0.0092193942219716,0.0204342871678702,0.0199103797665496,0.0200053866318151,0.0085216260571346,0.0201838999546605,0.0092056441777784,0.0200053866318151,0.0093290645670061,0.0201838999546605,0.009981518316857
17,dhcp.hw.type,0.0092068993306798,0.0100354974409982,0.0204486026687995,0.0204279376499363,0.0100324242267009,0.0092193942219716,0.0204342871678702,0.0199103797665496,0.0200053866318151,0.0085216260571346,0.0201838999546605,0.0092056441777784,0.0200053866318151,0.0093290645670061,0.0201838999546605,0.009981518316857
18,dhcp.id,0.0096961833878664,0.0108494162539027,0.0204076038942801,0.0206657598630569,0.0088344961200381,0.008885591339216,0.0201009885196146,0.0191927066882756,0.0162812875829525,0.0080396623596807,0.0177069223703557,0.0089638564353543,0.0180775812231691,0.0090420579321617,0.0183444423394508,0.0092365061077576
19,dhcp.option.dhcp,0.0092123625664535,0.0100334702921949,0.0209022241513826,0.0206521349811034,0.0100324242267009,0.0092193942219716,0.0206218579320717,0.0203072536101998,0.0202864766290157,0.0085344058419872,0.0202641666343609,0.0092188899829015,0.0201258535169912,0.0093424734240752,0.020290922227396,0.0099952597253913
20,dhcp.option.dhcp_max_message_size,0.0085334131773046,0.0090684332910247,0.0195375576078499,0.0193093535319013,0.0090675737310019,0.0085532861713771,0.0193047187890393,0.0189826665396777,0.0194539248508162,0.0079058480179411,0.019247801763923,0.0085283767611726,0.0194539248508162,0.0084151157727329,0.019247801763923,0.0090100578209572
21,dhcp.option.end,0.009152028057068,0.0100325521353743,0.0204998742738749,0.0204347974229602,0.0100324242267009,0.0092193942219716,0.0204342871678702,0.0199103797665496,0.0200053866318151,0.0085216260571346,0.0201838999546605,0.0092056441777784,0.0200053866318151,0.0093290645670061,0.0201838999546605,0.009981518316857
22,dhcp.option.interface_mtu,0.0,0.0,0.0,0.0,0.0,0.0,0.0,0.0,0.0,0.0,0.0,0.0,0.0,0.0,0.0,0.0
23,dhcp.option.ip_address_lease_time,0.0,0.000117708382683,0.0003947626406961,0.0001906338640554,0.0001178558524917,2.85740203893603e-05,0.0001900210225459,0.0003973393080622,1.3529778779330922e-05,1.2805736353205258e-05,-1.9462859324193005e-08,1.3712414273059362e-05,1.3529778779330922e-05,1.3585189263976002e-05,-1.9462859324193005e-08,1.3909551891733152e-05
24,dhcp.option.padding,0.0091916857176881,0.0100418973249241,0.0204982888696646,0.0205258633634985,0.0100417354837792,0.0092152248306239,0.0204320647127844,0.0199370429140423,0.0200043433998454,0.0085213880910404,0.0201819281141246,0.0092016359084862,0.0200043433998454,0.0093274628561288,0.0201819281141246,0.0099768909563761
25,dhcp.option.rebinding_time_value,0.0,0.0,0.0004093278453791,0.0001909062704112,0.0,0.0,0.0001900210225459,0.0003974910205981,0.0,1.2805736353205258e-05,0.0,1.3751517916160694e-05,0.0,1.3585189263976002e-05,0.0,1.4260629785489698e-05
26,dhcp.option.renewal_time_value,0.0,0.0,0.0004097005985853,0.0001909416579873,0.0,0.0,0.0001900210225459,0.0003974910205981,0.0,1.2805736353205258e-05,0.0,1.3751517916160694e-05,0.0,1.3585189263976002e-05,0.0,1.4260629785489698e-05
27,dhcp.secs,0.0092143222387263,0.0101438726101646,0.0204650946476004,0.0204272799898018,0.0101872200679264,0.0092742461013836,0.0204337933836842,0.0199098792600327,0.0200051864927808,0.0085481012755859,0.0201837855621433,0.0092026175571972,0.0200185218636768,0.0094389115548008,0.0201834086402973,0.0099734263343751
28,dhcp.type,0.0091947682981486,0.0100314659763651,0.0209035754975514,0.0206507489794159,0.0100462103555895,0.0092326599408625,0.0206218579320717,0.0203072536101998,0.0204069444118798,0.0085344058419872,0.0203711891059069,0.0092188899829015,0.0204069444118798,0.0093424734240752,0.0203711891059069,0.0099952597253913
29,dns.count.add_rr,0.0093703134949631,0.013831771229918,0.0105198294431119,0.0047674798548342,0.0114642076151774,0.0096517091835541,0.0040487215296748,0.0051193257545628,0.0043916558522475,0.0072729511155761,0.0040065493768309,0.0080987604503918,0.0008629720776262,0.0081213934940415,-0.0010441537382266,0.0104304267008074
30,dns.count.answers,0.0200566840723668,0.0256747695883018,0.0109751782487505,0.0048823658278744,0.0247584229235328,0.0194301921248082,0.0044737135246012,0.0057985608948667,0.0098940913039808,0.014772938230728,0.0034388296843453,0.0106863754690917,0.0093971500361921,0.0181075878716219,0.0014897857971064,0.0123564800498837
31,dns.count.auth_rr,0.0076883203601602,0.0107562854316134,0.0099186184627547,0.0041617818562542,0.0091464769384118,0.0079815217583856,0.0038910095219985,0.0048217240247033,0.0044494108756539,0.0073894298485174,0.0042386278186526,0.0082417015495176,0.0004049691135721,0.0079488184156293,-0.0014496559451788,0.0099406219204103
32,dns.count.queries,0.0131257013348578,0.0238046549908367,0.0100251598764725,0.0057995155818309,0.0230805181982352,0.013247586040068,0.0048420611229426,0.0049201432650792,0.0015596040995203,0.0073181850696745,0.0022701050206427,0.0044518120444481,0.0010533269509616,0.0132768575338898,0.0001109251269932,0.0090112411237757
33,dns.extraneous,0.0,0.0,0.0,0.0,0.0,0.0,0.0,0.0,0.0,0.0,0.0,0.0,0.0,0.0,0.0,0.0
34,dns.extraneous.data,0.0,0.0,0.0,0.0,0.0,0.0,0.0,0.0,0.0,0.0,0.0,0.0,0.0,0.0,0.0,0.0
35,dns.extraneous.length,0.0,0.0,0.0,0.0,0.0,0.0,0.0,0.0,0.0,0.0,0.0,0.0,0.0,0.0,0.0,0.0
36,dns.flags.authenticated,0.0080776544502369,0.0107716492001863,0.001133203631345,0.0010791744863886,0.0107706142088371,0.0080771120137139,0.0009105733511126,0.001371618560305,0.0014080512069425,0.0071684858017674,0.0010735070888187,0.0080479114194891,0.0014080512069425,0.0093999031798363,0.0010735070888187,0.0107061327522957
37,dns.flags.authoritative,0.0132277213378793,0.0188079845309652,0.0012972566836704,0.0014505108659334,0.0188079066852964,0.0132725641958514,0.0010722795975237,0.00164233926918,0.0014088579323292,0.0075062551005448,0.0010741936690862,0.0097280848317448,0.0014088579323292,0.0102324945423861,0.0010741936690862,0.0130697227857936
38,dns.flags.checkdisable,0.0077308900799727,0.0105527051168046,0.0093727810689422,0.0036385458654537,0.0099500273300835,0.00795178088943,0.0033474353266464,0.0041981331305825,0.0011129824810424,0.0069954389770352,0.0008552942065209,0.0078403917775661,0.000604283061428,0.0074817128210681,-0.0013047687916283,0.0094673955038568
39,dns.flags,0.0201953781033979,0.0305297647005157,0.0113100372972346,0.006637739761817,0.0254917861883768,0.0199897500442717,0.0048177030516473,0.006023157548169,0.0107138421677421,0.015279486416138,0.0043417262205277,0.0123924764266519,0.0100071274852451,0.0191902427798318,0.0029931365144368,0.0192177352077342
40,dns.flags.opcode,0.0080092464280501,0.010645789032937,0.0093686487321083,0.0037837148654824,0.0099500273300835,0.00795178088943,0.0033474353266464,0.0041981331305825,0.0011129824810424,0.0069954389770352,0.0008552942065209,0.0078403917775661,0.000604283061428,0.0074817128210681,-0.0013047687916283,0.0094673955038568
41,dns.flags.rcode,0.0080472404211484,0.0106899051898473,0.0011847315297701,0.0010803990788226,0.0107706142088371,0.0080771120137139,0.0009105733511126,0.001371618560305,0.0014080512069425,0.0071684858017674,0.0010735070888187,0.0080479114194891,0.0014080512069425,0.0093999031798363,0.0010735070888187,0.0107061327522957
42,dns.flags.recavail,0.0132298288524594,0.0187627117148235,0.0012840419337169,0.001449945574525,0.0188079066852964,0.0132725641958514,0.0010722795975237,0.00164233926918,0.0014088579323292,0.0075062551005448,0.0010741936690862,0.0097280848317448,0.0014088579323292,0.0102324945423861,0.0010741936690862,0.0130697227857936
43,dns.flags.recdesired,0.0131957311809606,0.0186627530143489,0.0100343331413463,0.0051943968951615,0.0179342159496517,0.0131348263139032,0.0038001160215698,0.0043446316996085,0.0011145488141319,0.0073757357114602,0.0008577488946704,0.0027111156285891,0.000605858688498,0.0086267944470597,-0.0013023072426137,0.0062099296396855
44,dns.flags.response,0.0148442152204385,0.0177603343720742,0.010742765855444,0.0048647996248989,0.0170693653616886,0.0147730874600479,0.0043408285065064,0.0056077897197663,0.0103299689904782,0.0147633273375067,0.0040266873394474,0.0106752526427875,0.0098714201666427,0.0178442933165596,0.0018708110477659,0.0121214743687791
45,dns.flags.truncated,0.007757711489824,0.0104729508541666,0.0093714721449937,0.0038354305493324,0.0099500273300835,0.00795178088943,0.0033474353266464,0.0041981331305825,0.0011129824810424,0.0069954389770352,0.0008552942065209,0.0078403917775661,0.000604283061428,0.0074817128210681,-0.0013047687916283,0.0094673955038568
46,dns.flags.z,0.007665961526959,0.0105322014956788,0.0093722905709034,0.0037377930115099,0.0099500273300835,0.00795178088943,0.0033474353266464,0.0041981331305825,0.0011129824810424,0.0069954389770352,0.0008552942065209,0.0078403917775661,0.000604283061428,0.0074817128210681,-0.0013047687916283,0.0094673955038568
47,dns.id,0.0148836943475415,0.022743035106923,0.0148932323252825,0.0115634290808218,0.0153658477874395,0.012039900596189,0.0065070368855868,0.0094636425850397,0.0040056623090473,0.0072911835228265,0.0016844510501319,0.0053763981369641,0.0028000346148043,0.0079272871300424,-0.0006005044771053,0.0062825086497362
48,dns.response_to,0.0080944819284226,0.0108538471507585,0.0013197702779625,0.0010104217740024,0.0107542710154336,0.0080520385417214,0.0009098333055409,0.0013228832796813,0.0014083701691253,0.0069240043203441,0.0010591820400651,0.0075648566288845,0.0014083701691253,0.0095627960287792,0.0010727563990723,0.0098409336567099
49,dns.retransmission,0.0002664109344086,0.0036311264526736,8.051452135608e-05,0.0002152005991287,0.0005129118021205,1.4496894900184462e-05,0.0,0.0,0.0001848336122088,0.0,0.0003674838617947,0.0,0.000102311761878,0.0,0.0005903454539653,0.0
50,dns.retransmit_request,0.0002636480739344,0.0036180411548111,2.665809645192e-05,8.087747374456e-05,0.0004869271458247,1.4398987618458037e-05,0.0,0.0,0.0001827043753555,0.0,0.0003662456013708,0.0,0.0001004687599201,0.0,0.0005907489426681,0.0
51,dns.retransmit_request_in,0.0003320270815112,0.0037819332062604,0.0002461488040841,0.000658318966541,0.0005233956375528,1.4398987618458037e-05,0.0002116130503854,2.6973734991164733e-05,0.0001725007002051,-7.73710493673363e-07,0.0003935453065098,0.0001064204220928,0.0001004687599201,0.0006479935822428,0.000605102457753,-0.0017083988670214
52,dns.retransmit_response,6.935669529619234e-05,0.0005201614338794,6.744679900254e-05,2.9686033711184834e-05,1.9996717639525485e-05,2.475305353022428e-06,0.0,2.7975220799891787e-06,4.674401622994928e-06,0.0,5.735909944781792e-05,6.940099185059889e-05,0.0001623574043538,0.0,2.690973199659385e-05,1.7912565537514524e-05
53,dns.retransmit_response_in,6.962498437554398e-05,0.0006769443760937,4.03502354864e-05,5.791517073242639e-05,1.9996717639525485e-05,1.3965330055709655e-06,0.0,9.179874937803588e-05,4.674401622994928e-06,0.0,5.735909944781792e-05,2.781586110967016e-05,5.5863975273795496e-05,0.0,2.6372965608034704e-06,0.0005122107971955
54,dns.soa.expire_limit,5.48672981584e-05,0.0,4.0988116260254334e-05,0.0,0.0,0.0,1.3572933621253114e-05,2.6499288760750688e-05,0.0,7.683460128382613e-05,0.0,8.250911556362261e-05,0.0,5.4340817372211525e-05,0.0,5.704252665161835e-05
55,dns.soa.minimum_ttl,4.109039660824e-05,0.0,5.4507478312428176e-05,0.0,0.0,0.0,1.3572933621253114e-05,2.6499288760750688e-05,0.0,7.683460128382613e-05,0.0,0.0,0.0,5.4340817372211525e-05,0.0,1.4260629785489698e-05
56,dns.soa.refresh_interval,0.0,0.0,5.441547264076e-05,0.0,0.0,0.0,1.3572933621253114e-05,5.299859360907712e-05,0.0,7.683460128382613e-05,0.0,8.250911556362261e-05,0.0,5.4340817372211525e-05,0.0,5.704252665161835e-05
57,dns.soa.retry_interval,1.3716212739245391e-05,0.0,5.4587579957459137e-05,0.0,0.0,0.0,1.3572933621253114e-05,5.299859360907712e-05,0.0,7.683460128382613e-05,0.0,8.250911556362261e-05,0.0,5.4340817372211525e-05,0.0,5.704252665161835e-05
58,dns.soa.serial_number,6.850417206052865e-05,0.0,5.4437570975462177e-05,0.0,0.0,0.0,1.3572933621253114e-05,2.6499288760750688e-05,0.0,7.683460128382613e-05,0.0,0.0,0.0,5.4340817372211525e-05,0.0,1.4260629785489698e-05
59,dns.srv.port,0.0071830744924005,0.0104767390520107,0.0001490333701926,0.0004555281776883,0.0098756351855057,0.0065363774470704,5.470364227633251e-05,0.0003967085387809,1.3311987552278026e-06,-2.149861328959446e-07,0.0002521743095447,0.0024477036995885,2.7810586561094475e-05,0.0,5.917867708604696e-05,0.0021945663206018
60,dns.srv.priority,0.0050072751000236,0.0078501287168233,0.0001218612856943,0.0001398543398979,0.0078717837388017,0.0050302626464331,0.0,2.421865909851828e-05,5.915674519130221e-07,0.0,5.861245170324381e-07,0.0016516087367918,5.915674519130221e-07,0.0,5.861245170324381e-07,0.0022232388169034
61,dns.srv.weight,0.0050200357763724,0.0078718334076174,0.0,0.0001546143797571,0.0078717837388017,0.0050302626464331,0.0,2.421865909851828e-05,5.915674519130221e-07,0.0,5.861245170324381e-07,0.0016516087367918,5.915674519130221e-07,0.0,5.861245170324381e-07,0.0022232388169034
62,dns.time,0.0081057655470404,0.0107197826135415,0.0013767517288164,0.0011321264587071,0.0107984033260816,0.0080549843411799,0.0010181243355631,0.0013630211329453,0.0011361323055957,0.0074512168096996,0.0008416610921583,0.008060364369458,0.0014485333071045,0.0101480074740042,0.0010452376675442,0.0107530717224206
63,dns.unsolicited,0.0051857421392785,0.0080418995812079,0.0002740682444223,0.000370528643372,0.0080410076290617,0.0051961149953229,0.0003686853649556,0.0002662197718044,4.1409729012453777e-07,0.0013639051052806,4.002802325153709e-07,0.001667190350135,4.1409729012453777e-07,0.0020304424365785,4.002802325153709e-07,0.0023144708666126
64,dstport,0.1922238150300335,0.2741276824128217,0.1470076814673352,0.1273946550225805,0.202260682309363,0.1675588127071785,0.1220560688347373,0.1316988693123788,0.1275799147501795,0.1616846365603169,0.114264311132828,0.1542797580357787,0.1291424921125565,0.1907099898626048,0.1202943146979237,0.1863655531348756
65,dstport_class,0.1396930023293832,0.1925092663354449,0.103580746693548,0.0999062577214281,0.1552688388336491,0.129734263038714,0.0941132502522857,0.0891785061686064,0.0941316380884143,0.134129727003029,0.0978356395200927,0.1316194848615326,0.086741797653112,0.1439924753438164,0.0842986198999594,0.1464089102998564
66,eapol.keydes.key_iv,0.0061162123563188,0.0064202929226636,0.0132815257582453,0.0129931847493468,0.0064202145740338,0.0061498058255159,0.0131249932359283,0.0109099203632152,0.0132280495197394,0.0056724280291001,0.0131011216998121,0.0061313225720609,0.0132280495197394,0.0059867990410188,0.0131011216998121,0.0063787436802752
67,eapol.keydes.key_len,0.0062250882525599,0.0065027329993436,0.0179505388574844,0.0185358739080348,0.0064721409380528,0.0061766090831649,0.0186847480959355,0.0155094117340205,0.0178812801540506,0.0057987786047081,0.0186526416187177,0.0062622943529512,0.0129999189152644,0.0060372981440088,0.0129279222742566,0.0064305008290025
68,eapol.keydes.replay_counter,0.0061422188594365,0.0065318311065602,0.0200688948369045,0.0250768345778253,0.006476172784061,0.0061838261543585,0.0172285534459315,0.0145461547808165,0.0123175272222424,0.0056838978093156,0.0130613313565307,0.0061432124373437,0.0121226658941037,0.0060398166815536,0.0128594787952384,0.0064330809805421
69,eapol.keydes.type,0.0062370872701018,0.0065140239643556,0.0178931292876878,0.0185616061296971,0.0065168281805102,0.006269223052313,0.0187158532230738,0.0155083853698371,0.0004391897448784,-1.5242661155490114e-07,0.0003755646356972,0.0002514423699123,0.0004391897448784,-7.373044814706908e-05,0.0003755646356972,0.0001675236928005
70,eapol.len,0.006137738377946,0.0064194449191173,0.0137054157235486,0.0132465981872762,0.0064340164723228,0.0061896114428143,0.0134203817452691,0.0113239721515381,0.0090959900530628,0.0026619606644294,0.0087437254657525,0.003010845893973,0.0090959900530628,0.0027948403249505,0.0087437254657525,0.0031074236653521
71,eapol.type,0.0061133039651392,0.0064234017423576,0.0132850391209293,0.0129435031714585,0.0064202145740338,0.0061498058255159,0.0131249932359283,0.0109099203632152,0.0132280495197394,0.0056724280291001,0.0131011216998121,0.0061313225720609,0.0132280495197394,0.0059867990410188,0.0131011216998121,0.0063787436802752
72,eapol.version,0.0061522082504388,0.0063943152446669,0.014389960544796,0.0136678567046418,0.0064704152857387,0.0062577838219662,0.0139399447342069,0.0121330956742303,0.0050618284547562,-3.319340569052365e-05,0.0062318560389375,0.0002171780445638,0.0002483467421712,-4.303642278258302e-05,0.0001679815161591,0.0001989631707871
73,eth.addr.oui,0.2118752833100061,0.2100354173007608,0.2048706854995631,0.2154419959264573,0.1803747891218824,0.1340717700632003,0.187060342991751,0.1896045216555235,0.1433451555575666,0.1073073751315419,0.1429531158637521,0.1125282621673187,0.1413518997707199,0.1296438914855319,0.1442893698954924,0.1286379971572216
74,th.dst,,,,,,,,,,,,,,,,
75,eth.dst.ig,0.0534702775881567,0.0579594785966249,0.0463004556151956,0.0353434703825143,0.056628714800487,-0.0006142191964615,0.0353457554273072,0.0462984478372803,0.0337760423467484,0.0293920814433279,0.0284392539619187,0.0293920814433279,-0.000198386765416,0.0312842943371888,-0.001876054420995,0.0312842943371888
76,eth.dst.lg,0.0276585611290272,0.0538387589769816,0.0352038629968579,0.0259418946823564,0.028798307622108,0.0001475128489658,0.0267399845859952,0.0356999572064581,8.074244274924869e-05,0.0033360826330477,-0.000441294391821,0.0033360826330477,0.0007965647512313,0.0056092447858424,-0.001058912408441,0.0056092447858424
77,eth.dst.oui,0.2118771643167883,0.2098425081295395,0.2048680395116562,0.2154705674408947,0.1803747891218824,0.1340717700632003,0.187060342991751,0.1896045216555235,0.1433451555575666,0.1073073751315419,0.1429531158637521,0.1125282621673187,0.1413518997707199,0.1296438914855319,0.1442893698954924,0.1286379971572216
78,eth.fcs,0.0,0.0,0.0,0.0,0.0,0.0,0.0,0.0,0.0,0.0,0.0,0.0,0.0,0.0,0.0,0.0
79,eth.fcs.status,0.0,0.0,0.0,0.0,0.0,0.0,0.0,0.0,0.0,0.0,0.0,0.0,0.0,0.0,0.0,0.0
80,eth.ig,0.0533282068948626,0.0580671342794125,0.0462961473896847,0.035340850840008,0.056628714800487,-0.0006142191964615,0.0353457554273072,0.0462984478372803,0.0337760423467484,0.0293920814433279,0.0284392539619187,0.0293920814433279,-0.000198386765416,0.0312842943371888,-0.001876054420995,0.0312842943371888
81,eth.len,0.0030365789004592,0.0030359392934422,0.0044975547752749,0.0041636194586197,0.0030362146591351,0.0030414096345461,0.0041640613975364,0.0042971883700744,0.0044736388811993,0.0028093102624561,0.0041512983814159,0.0030324371225577,0.0044736388811993,0.0028300918707604,0.0041512983814159,0.0030167330767663
82,eth.lg,0.0275367419163101,0.0538332573683782,0.0352038629968579,0.0264794909945396,0.028798307622108,0.0001475128489658,0.0267399845859952,0.0356999572064581,8.074244274924869e-05,0.0033360826330477,-0.000441294391821,0.0033360826330477,0.0007965647512313,0.0056092447858424,-0.001058912408441,0.0056092447858424
83,eth.padding,0.0284941133965017,0.0313727148496944,0.0387321225952404,0.0438881388766111,0.0313753558743701,0.0285751409144152,0.0437679103225531,0.0376769022461924,0.0385454522303939,0.0259072430810825,0.043641351062111,0.0284659097691854,0.0385454522303939,0.0292052035357535,0.043641351062111,0.031118260138808
84,eth.padding_bad,0.0,0.0,0.0,0.0,0.0,0.0,0.0,0.0,0.0,0.0,0.0,0.0,0.0,0.0,0.0,0.0
85,th.src,,,,,,,,,,,,,,,,
86,eth.src.ig,0.0,0.0,0.0,0.0,0.0,0.0,0.0,0.0,0.0,0.0,0.0,0.0,0.0,0.0,0.0,0.0
87,eth.src.lg,0.0,0.0,0.0,0.0,0.0,0.0,0.0,0.0,0.0,0.0,0.0,0.0,0.0,0.0,0.0,0.0
88,eth.src.oui,0.9179319907348676,0.9209139535448324,0.8910057634617263,0.8889146097952849,0.920917303012582,0.9179344610407424,0.8889202670496621,0.891010779866682,0.891010779866682,0.9179344610407424,0.8889202670496621,0.9179344610407424,0.891010779866682,0.920917303012582,0.8889202670496621,0.920917303012582
89,eth.type,0.0366571110918261,0.0380738559804238,0.0528572835806089,0.0574814579022385,0.0380767013617542,0.036660253908578,0.0572431519610452,0.0532978744227833,0.0175830359682445,0.0090263905870078,0.0166269470686261,0.0113572508410401,0.0175559898778134,0.0103539443121765,0.0166269470686261,0.0122327783826988
90,http.chat,0.0584119997627427,0.0618096934944705,0.0387288228529214,0.0339283422252446,0.0597694702097677,0.0582158828028674,0.0342344698046639,0.0363343788556003,0.0376743071672999,0.0582158828028674,0.0337609137888132,0.0569136181628707,0.0387321709311625,0.0619333702545347,0.0342344698046639,0.0618415555713881
91,http.connection,0.0030950747392857,0.003803758753771,0.0125436809443705,0.0119323571370051,0.0036866430400686,0.0027492808048275,0.0122657957608046,0.0115990959536637,0.0047839650260932,0.0019772669676254,0.0050361587393589,0.0012087883469309,0.0055995473771063,0.0023068191339564,0.0067156052839655,0.0023015236727146
92,http.content_length,0.0071218016407701,0.0067202617243009,0.008459620164864,0.0096854233414407,0.0060162132827461,0.0057483489264156,0.0097874441681657,0.0084009703157589,0.0029044211777268,0.0053978498147563,0.0027142562090591,0.0050745243597098,0.0032772795244968,0.0061845118524096,0.0031487216068526,0.0064775515929799
93,http.content_length_header,0.0071410754416098,0.0067188689029243,0.0084697553588945,0.0096877252698189,0.0060162132827461,0.0057483489264156,0.0097874441681657,0.0084009703157589,0.0029044211777268,0.0053978498147563,0.0027142562090591,0.0050745243597098,0.0032772795244968,0.0061845118524096,0.0031487216068526,0.0064775515929799
94,http.notification,0.0533295816110539,0.0566027854554068,0.0346675733745831,0.0293778599895359,0.0566062015427647,0.0532820294973794,0.0291866232806883,0.033231652247962,0.0338310551107418,0.0487196601270408,0.0286666162570623,0.0537417732873304,0.0338310551107418,0.0533033642064142,0.0286666162570623,0.0570307800175751
95,http.prev_request_in,0.0043392099446514,0.0045940276487434,0.0028020000581842,0.0028703310029734,0.0035899075715166,0.0036104028545091,0.0013107585193575,0.0009771908787669,0.0005850259661114,0.0005278057827017,0.0001617644618483,0.0003141344468774,0.000308086847219,0.0005332338321861,3.543420068186087e-05,0.0002681942546722
96,http.prev_response_in,0.0128518729588455,0.012672092067885,0.0113283815697597,0.0085479170987446,0.0120500784859119,0.0102211621253973,0.0075666792731076,0.0106901571004872,0.0102417336968546,0.0106109969625457,0.0072433380948513,0.0120408385061414,0.0098795846082534,0.0114810465019631,0.0066710762169979,0.0120731083477849
97,http.request,0.0046874999434448,0.0049765444702623,0.0082375208085704,0.0075970038151933,0.0049761911322528,0.0046866873031317,0.0079763597165655,0.0074530914131479,0.0001644661575366,0.0022453425396581,0.0001056816277745,0.0016009060534584,0.0001644661575366,0.0021482341448287,0.0001056816277745,0.0021433402373989
98,http.request.method,0.0600764969263193,0.0633463688803698,0.0432597661130696,0.039429991107343,0.061524347464658,0.0599169510107499,0.0397873687466164,0.0416481757046121,0.0406064651857986,0.0561104940755337,0.0360115412461947,0.0555497475528521,0.0422104938164671,0.0594401507586611,0.0383344850642548,0.0593614189668957
99,http.request_in,0.0024788256340853,0.0025306362519149,0.004393496669219,0.003795190354648,0.0023109562497991,0.002377483466213,0.0032271519747736,0.0037738214156554,0.0031164776755618,0.0019255427463925,0.003182806585267,0.0022365417548361,0.0029526591019267,0.0021868040741126,0.0029364076125479,0.0021655512844037
100,http.request_number,0.0051336836968426,0.0058567540304955,0.0096262796406917,0.0093855516914903,0.0056848277226161,0.0054956428205074,0.0097555905826359,0.008854366415109,0.0079152424459266,0.0019950444995382,0.0074020302850758,0.0013286792268629,0.0078761450161447,0.0019021097494611,0.0073374722545807,0.0018970214676682
101,http.response.code,0.0160512478717263,0.0166297156236074,0.0166663633574005,0.0131300935234819,0.0165954547417339,0.015994813941708,0.0130456680063379,0.0160766515200518,0.0160696558652339,0.0153649983481831,0.0123988767975093,0.016096463786387,0.0160053948323247,0.0163225640528729,0.0122090597309744,0.017378764345993
102,http.response.code.desc,0.016181972463898,0.0166322155796245,0.0165978578913744,0.0131178683654632,0.0165954547417339,0.015994813941708,0.0130456680063379,0.0160766515200518,0.0160290400827087,0.0153517480759388,0.0123310091357867,0.016096463786387,0.0160053948323247,0.0163225640528729,0.0122090597309744,0.017378764345993
103,http.response,0.0160519281533425,0.0166299908663421,0.0165723230977834,0.01294084312637,0.0165954547417339,0.015994813941708,0.0128570178664972,0.0159829311938553,0.0159749047598243,0.0153120303831998,0.0122102073513559,0.0160415986423436,0.0160053948323247,0.0163225640528729,0.0122090597309744,0.017378764345993
104,http.response.phrase,0.0161442324154058,0.016631165998422,0.0165991333027295,0.0131139989272328,0.0165954547417339,0.015994813941708,0.0130456680063379,0.0160766515200518,0.0160290400827087,0.0153517480759388,0.0123310091357867,0.016096463786387,0.0160053948323247,0.0163225640528729,0.0122090597309744,0.017378764345993
105,http.response_number,0.0178661797408747,0.0190112380886099,0.0167314709697701,0.0138269103728217,0.0177103478578166,0.017367246008724,0.0137393025253171,0.0169086787716876,0.0087683725665224,0.0140297737771959,0.0119798959422806,0.0159695481377797,0.0078988623806245,0.0139332496015037,0.0111376715655184,0.0166544040798196
106,http.time,0.0051113637055953,0.0050140504408992,0.0090346082501619,0.0082372349618454,0.0051904806361749,0.0049141884868099,0.0084173864344292,0.00869505328158,0.0032008751749025,0.0028875986447365,0.0036266583962275,0.0029754536566639,0.0035394928168586,0.003054404362077,0.0037624857910305,0.0031435882839288
107,icmp.checksum,0.0045669456015132,0.0078469013994742,0.0117460238255363,0.0123237959880627,0.0060525645918553,0.003697078702481,0.0072920706194562,0.0076786099971247,0.0043565241651888,0.0022435643092122,0.0039719713672332,0.0030084094914996,0.007905562956962,0.0037382143859023,0.0087507290500533,0.0047681538583375
108,icmp.checksum.status,0.0045760648141329,0.0067857204627863,0.0128685406976047,0.0125524532724756,0.0062985429925286,0.0037068584975723,0.0121364099837955,0.0125267375781518,0.0024034722984949,0.0038603073277817,0.002896661281965,0.0043617613410789,0.0108696847662181,0.0068505029658636,0.0109656952473616,0.0073513553434844
109,icmp.code,0.0046863410358975,0.006787910187088,0.0131471540913227,0.01292906844479,0.0063405809541118,0.0037751860582551,0.0125013239892225,0.0128065573751309,0.0025131703296917,0.0038772528998548,0.0029231229152653,0.0043793223983484,0.0108693573097522,0.0068517101627102,0.0109646527434295,0.0073525917331522
110,icmp.data_time_relative,0.0001510510510453,0.0,0.0134159893514558,0.0155187763212298,0.000201172887392,0.0,0.0116415037927846,0.0127471489488583,0.0021770772820193,0.0002401677624865,0.0016989645700021,0.0002888512902161,0.0,0.0001481618239213,0.0,0.0001720186088528
111,icmp.ident,0.0087856724512439,0.0127769991088324,0.0231956276840656,0.0212279839124785,0.0129469386666451,0.0078717236084649,0.0192187527418562,0.0152473027695257,0.0018400006326429,0.0022049383153115,0.0024830821262472,0.0031115848907021,0.0052564285035666,0.0027995498219711,0.0062526511083496,0.0041411276744794
112,icmp.ident_le,0.0089259422299333,0.0132631528354236,0.0233129921051056,0.0216963241241065,0.013712242097538,0.0080891607481083,0.0205067276545355,0.018020097164043,0.0022962346771283,0.0022568071320409,0.0027794750243251,0.0029848390155673,0.0056697771638793,0.0028991126006964,0.0066953625641348,0.0040949643443598
113,icmp.resptime,0.0002874778968244,0.0001569546508332,0.0020717205712853,0.001440367004709,0.0006013945918709,0.0,0.0014387474837519,0.0020135373858766,0.0020584862876791,0.0002675710552687,0.0014390509646342,0.000495054983763,0.0,0.0003118445583988,0.0,0.000598947528673
114,icmp.resp_to,0.0003991088755324,0.0001282303504949,0.0020449792501543,0.0014418561784292,0.0006013945918709,0.0,0.0014252724469442,0.0020006569403542,0.0020584862876791,0.0004224682474508,0.0014390509646342,0.0004409991861276,0.0,0.0005570510810928,0.0,0.0005571308135304
115,icmp.seq,0.008925294887768,0.0131684122464893,0.0217875813475592,0.0212322357231057,0.0135296999942795,0.0088173435825574,0.0212090080023058,0.021153962149995,0.0124818847402953,0.0084333673353229,0.012498283875016,0.0091228315349377,0.016067760998791,0.0126107010232011,0.0167230249933922,0.0133918607644931
116,icmp.seq_le,0.0089523387784952,0.0130802913793369,0.0218123752732919,0.0211458615253248,0.0133019748679817,0.0087764852932807,0.0209535301287812,0.0210644056746958,0.0124979915828611,0.0084202951749972,0.012336399694852,0.0091512743040963,0.0159342373847874,0.012484305858792,0.0165343348446345,0.0133353899945091
117,icmp.type,0.0052930345774176,0.0074132885495036,0.0152083325744097,0.0143652071892736,0.0070436457923823,0.004378862765585,0.0139363440681468,0.0148412044299694,0.0044963767532439,0.004405971096852,0.0043287998374206,0.0049273053799125,0.0129681244932291,0.0074326744296009,0.0123981553265569,0.0079479081007195
118,icmp.unused,5.484840189550016e-05,0.0,0.0,0.0003677740961889,0.0,0.0,0.0,0.00027534558279,0.0,0.0,0.0,1.994283026063304e-05,0.0,0.0,0.0,4.024404106073298e-06
119,icmpv6.checksum,0.0011953096152874,0.0012445814877173,0.0498390370051988,0.0386547335295953,0.0013097768160651,0.0009773972848207,0.0362117444906329,0.0487075441854201,0.0056541689455846,0.0006685771487772,0.0027905717906926,0.0007220992371712,0.0067315723138812,0.0009567096001342,0.0044199637997308,0.0009586231614564
120,icmpv6.checksum.status,0.0006202199174897,0.0006353792686396,0.0351068988228602,0.0257216752523345,0.0003325756420358,0.0002430421697582,0.0260937453859153,0.0353499768781281,0.0001238528545846,5.469642720923318e-05,-0.0014409549718343,0.0001059941391906,0.0020166648933727,0.0001446617299403,0.0019347827294302,0.0001832377357771
121,icmpv6.code,0.0005354721617683,0.0006347217881484,0.0350661507755024,0.0258194146037356,0.0003325756420358,0.0002430421697582,0.0260937453859153,0.0353499768781281,0.0001238528545846,5.469642720923318e-05,-0.0014409549718343,0.0001059941391906,0.0020166648933727,0.0001446617299403,0.0019347827294302,0.0001832377357771
122,icmpv6.mldr.nb_mcast_records,-1.378724741809556e-05,2.875285110497394e-05,0.0,-1.308657419984982e-07,2.8766114949396737e-05,1.3803354906749554e-05,4.053612762566772e-05,1.284816910962494e-05,2.6672435893271285e-07,-1.3737526933788049e-06,-1.7223769521734766e-08,4.747600521604056e-07,5.8118938661699815e-08,1.2646479962685753e-05,-2.084076489161646e-07,0.0
123,icmpv6.opt,0.0006067089725628,0.0004501107889115,0.0013644623535834,0.0002553849572259,0.0002471452927136,0.0002454890729569,0.0004583961908682,0.0,0.0013218185703789,0.0005881236014873,0.0004832433342388,0.0,0.000167449585022,0.0002974192275428,0.0003287261611079,0.0
124,icmpv6.opt.length,0.0005784510932571,0.0004504270225754,0.001342810506037,0.0001204735181617,0.0002471452927136,0.0002454890729569,0.0004583961908682,0.0,0.0013218185703789,0.0005881236014873,0.0004832433342388,0.0,0.000167449585022,0.0002974192275428,0.0003287261611079,0.0
125,icmpv6.opt.type,0.0005072004836285,0.0006024745748297,0.0013441248978009,-2.1635620625579996e-05,0.0002471452927136,0.0005243511331224,0.0004583961908682,0.0,0.0013218185703789,0.0005881236014873,0.0004832433342388,0.0,0.0009927260430117,0.0002974192275428,0.0004815922654954,0.0
126,icmpv6.reserved,0.0003846428898347,0.00066433615378,0.0350999160691598,0.0258915699622232,0.0006648898369481,0.0003449266567807,0.0260230397406632,0.0334571771243211,0.0019597742246975,6.188008658591926e-06,0.0018712763827549,-0.0002789781623542,0.0019597742246975,5.937794732813195e-05,0.0018712763827549,-5.836782285983945e-05
127,icmpv6.type,0.0008433780784681,0.0008073088147338,0.0365842554913485,0.0265778774869604,0.000879091317406,0.0005355059342246,0.0267300828435318,0.036852383356317,0.002108622371685,0.0005911789981821,0.0006952950108181,0.0008069228590399,0.0028456536057435,0.0003223068927288,0.0020781602376156,0.0006379348059443
128,igmp.checksum,0.0459838782415618,0.0463300146775437,0.0164290845895272,0.0138167433348522,0.0464763050561003,0.045935082331948,0.0138252689817509,0.0158134604117544,0.0161670314311425,0.0401262265950962,0.0135797949799247,0.04297552474007,0.0161264464394599,0.0414697863537051,0.0135800428196911,0.0434533239201784
129,igmp.checksum.status,0.0239989274209333,0.0230108844300676,0.0101550423028241,0.0080595523130077,0.0230134581390755,0.0240260284393294,0.0080673473781092,0.0096945857540103,0.0100710646236623,0.0215538772836614,0.0079787441144341,0.0239126837793851,0.0100710646236623,0.0210921214814735,0.0079787441144341,0.0225847409845763
130,igmp.max_resp,0.0423008369204671,0.0427551481681846,0.0150451977825695,0.012803299160335,0.04275606992703,0.0423426082912626,0.0127869975091976,0.0145607740819748,0.0149514097808655,0.0395360829899349,0.012691502526605,0.0422217366742173,0.0149102789055278,0.0405292055694505,0.012691502526605,0.0422778247568037
131,igmp.num_grp_recs,0.0032348224252488,0.003139699629221,0.0001780172589387,0.0001501371806165,0.0031392417880624,0.0032403289530774,0.0001494597110089,0.0001044335445485,4.097729675578421e-07,0.0004295184392969,7.199530277501864e-07,0.0006067333628498,4.649513195564836e-07,0.0007933361853028,7.199530277501864e-07,0.0010268161275525
132,igmp.type,0.0454318359524211,0.0459307819241241,0.0152656165766278,0.0129466528682983,0.0458916036480093,0.0457295333425512,0.0129498462334851,0.0147328786305052,0.0149518677150447,0.0399704019155661,0.0126922132172838,0.0429775113573345,0.014952166530496,0.0413244391603656,0.0126924612786938,0.0433015258883403
133,igmp.version,0.0269885450441964,0.0260261179921552,0.01028364384226,0.0082330368989453,0.0260236786306438,0.0271568666073367,0.0082157184801997,0.0098812677446227,0.0100701441674471,0.0220556049010812,0.0079786031647375,0.0244322631705697,0.0100701441674471,0.0219839733490041,0.0079786031647375,0.0234980544227786
134,ip.bogus_ip_length,0.0494269903200339,0.0515521434941445,0.0366483173637663,0.0402057898624565,0.0515535532790552,0.0494241750727419,0.0402638445773576,0.0369611696216948,0.0025268227642684,0.0003335934156658,0.0001262865156836,0.002034817545292,0.0025268227642684,0.0006154864833195,0.0001262865156836,0.0018983146022192
135,ip.checksum.status,0.0275087333009975,0.028662048804324,0.0365234750740786,0.0416228798126471,0.0286628512787497,0.0275091002656291,0.0410166413800177,0.0370345198673821,0.0001887535564517,0.0004535823159312,-0.0004655507806738,0.002514634339134,0.0001887535564517,0.0014621002716447,-0.0004655507806738,0.0031278304088239
136,ip.dsfield,0.0555409872234017,0.0591398302769937,0.0457352886189138,0.0501070919703484,0.0591493597513609,0.0554736937900732,0.0493196024859564,0.0462300839518222,0.0083706771779082,0.0211769052019475,0.0075815293729196,0.0303990042413939,0.0083708050234249,0.0240761834519561,0.0075822848108692,0.033607435506088
137,ip.dsfield.dscp,0.0499050491708497,0.0524566004688531,0.0457144006052888,0.0500804906949132,0.0524584846391184,0.0498470656770451,0.0493196024859564,0.046189446720843,0.0082911496336022,0.0211769052019475,0.0071614211194193,0.0248054827586081,0.0082912774891428,0.0240761834519561,0.0071621768772111,0.026943623603474
138,ip.dsfield.ecn,0.0331357683948443,0.0353644301056771,0.0366146249516401,0.0415201496947261,0.0353607586943807,0.0331427827885131,0.0410166413800177,0.037075162946628,0.0002291556193866,0.0004535823159312,-4.537779320434865e-05,0.0081144021895728,0.0002291556193866,0.0014621002716447,-4.537779320434865e-05,0.0097981201195028
139,ip.flags,0.0816224056718979,0.0868340445239499,0.0897436574955736,0.0996982244677461,0.0868405736877637,0.0821549686392557,0.0997026051052341,0.0897472545268203,0.052479208805362,0.0565105595142215,0.0573658297127662,0.0565105595142215,0.052479208805362,0.0609214755489424,0.0573658297127662,0.0609214755489424
140,ip.flags.df,0.0821574061396471,0.0868370916673475,0.0897458969338618,0.0984376059807425,0.0868405736877637,0.0821549686392557,0.0997026051052341,0.0897472545268203,0.052479208805362,0.0565105595142215,0.0573658297127662,0.0565105595142215,0.052479208805362,0.0609214755489424,0.0573658297127662,0.0609214755489424
141,ip.flags.mf,0.0274232790015421,0.0285856495547249,0.036570310267295,0.0412480147195689,0.0286628512787497,0.0275091002656291,0.0410166413800177,0.0370345198673821,0.0001887535564517,0.0004535823159312,-0.0004655507806738,0.002514634339134,0.0001887535564517,0.0014621002716447,-0.0004655507806738,0.0031278304088239
142,ip.flags.rb,0.0275112850609889,0.0286651082157892,0.0365234750740786,0.0412060614990002,0.0286628512787497,0.0275091002656291,0.0410166413800177,0.0370345198673821,0.0001887535564517,0.0004535823159312,-0.0004655507806738,0.002514634339134,0.0001887535564517,0.0014621002716447,-0.0004655507806738,0.0031278304088239
143,ip.frag_offset,0.0275081876238871,0.0285517914096619,0.0364847597134458,0.0412624964371379,0.0286628512787497,0.0275091002656291,0.0410166413800177,0.0370345198673821,0.0001887535564517,0.0004535823159312,-0.0004655507806738,0.002514634339134,0.0001887535564517,0.0014621002716447,-0.0004655507806738,0.0031278304088239
144,ip.hdr_len,0.0513661215598233,0.0514431807238995,0.0466056245885707,0.0488310724910274,0.0514449950568446,0.0513720427171838,0.0490736537585829,0.0472034330725021,0.0097650543618641,0.0220178985362442,0.0071015226917495,0.026295728766762,0.0097650543618641,0.0225493366541227,0.0071015226917495,0.025915238709297
145,ip.id,0.1285149398263977,0.1978537977222907,0.1258506833444024,0.112085949609923,0.0414396418493961,0.0158436544454382,0.0666577211241966,0.0639418438990998,0.0376610940154139,0.0326967878937283,0.0376059806830988,0.0353843129579776,-0.0038462600374329,0.0230045037470898,-0.0080637086735995,0.009890342150652
146,ip.len,0.6012606307796482,0.6229285524809487,0.555715648073486,0.5428386088922409,0.5613450354666452,0.5465063161560768,0.5147416775471958,0.5311326323112284,0.3948452151436865,0.4046798470428846,0.3821341125132335,0.4435009065487452,0.3973327112558771,0.4094509809360814,0.3912876049517029,0.3968316847092371
147,ip.opt.len,0.0521120237190151,0.0524072171187012,0.0603453919029871,0.0571946337935182,0.0522147957452981,0.0519683296838431,0.0570390595426652,0.0607910455700448,0.0120155517176734,0.0402201637631163,0.0220981769161986,0.0447355309593926,0.0107156540860258,0.0409538756677831,0.0217814122102041,0.0443935256681818
148,ip.opt.ra,0.0239616716388269,0.0230220601736326,0.0451120573574664,0.0340394898721084,0.0230227309209338,0.0240312610245931,0.0340112306887783,0.043687902907829,0.0442538890641592,0.0215524042899644,0.0333578336110514,0.0239176425345057,0.0442538890641592,0.0210932003644933,0.0333578336110514,0.0225787598927134
149,ip.opt.type.class,0.0278765794587127,0.028984175281035,0.0452471901551814,0.0483578708165827,0.0289791487047242,0.0278746094067781,0.0480419744055998,0.0458000484993004,0.0013704432729199,0.0220912271420244,0.0004884766885147,0.0260231804564127,0.0013704432729199,0.0226273049325697,0.0004884766885147,0.0256384003904033
150,ip.opt.type.copy,0.0513514622488735,0.0515962182642067,0.0452292632302801,0.0483481375681637,0.0515947083652263,0.0514864723218319,0.0480419744055998,0.0458000484993004,0.0096617658152028,0.0220912271420244,0.00705308748206,0.0260231804564127,0.0096617658152028,0.0226273049325697,0.00705308748206,0.0256384003904033
151,ip.opt.type,0.0728400289266832,0.0738057311895706,0.0620419619967042,0.0579282799008739,0.0735535376023852,0.072241667053605,0.0546929351837893,0.0615056248559329,0.018185619777298,0.0542912208389074,0.0116069316454977,0.0430104201257157,0.019066204957588,0.0565710360063515,0.0140873192140787,0.0430286354191037
152,ip.opt.type.number,0.0514791674160969,0.0515974841346221,0.045339749480692,0.0482817522230965,0.0515947083652263,0.0514864723218319,0.0480419744055998,0.0458000484993004,0.0096617658152028,0.0220912271420244,0.00705308748206,0.0260231804564127,0.0096617658152028,0.0226273049325697,0.00705308748206,0.0256384003904033
153,ip.proto,0.0903985645070065,0.1184096468861111,0.0975503464227101,0.0964745509938459,0.0939063280073818,0.056289442498829,0.0964754493329972,0.097551068612638,0.0506491703214124,0.060559763891795,0.0428386093002937,0.060559763891795,0.0303914337213544,0.0653847717006625,0.0306506626782573,0.0653847717006625
154,ip.ttl,0.2601103831590255,0.2802370012532915,0.2629636767568944,0.2698261888493956,0.2681021857780555,0.260116878266123,0.2681534861631368,0.2540069298263964,0.2230749622687973,0.2332476010055943,0.2238325605203205,0.2116962869596771,0.2231556745556884,0.2452747932426698,0.2238460623045527,0.2231003369477567
155,ip.version,0.0366593798025823,0.0380789852057804,0.0527844699117021,0.0575338109860768,0.0380767013617542,0.036660253908578,0.0572431519610452,0.0532979555254743,0.0175559880107673,0.0090135867233981,0.0166269470686261,0.0113572508410401,0.0175559880107673,0.0103539443121765,0.0166269470686261,0.0122327783826988
156,ipv6.flow,0.0480108566233639,0.0501557469318747,0.0355135867374393,0.0405049549164925,0.0501740629855324,0.0480293521173889,0.0402518278935331,0.0360060836242434,8.52888946574204e-05,0.0006877601293979,-0.0005145219702986,0.0024005210099347,8.52888946574204e-05,0.0014647222334518,-0.0005145219702986,0.0027681469107654
157,ipv6.opt,0.0001491325556894,0.0002774972944049,0.0351070516100357,0.0259313020860183,0.0002775851609125,0.0001496512503814,0.0259489942449878,0.0339864044396419,0.0018599927450183,-1.5049048700532808e-06,0.0016062395771621,5.086361288486607e-06,0.0018599927450183,1.1023086805561633e-06,0.0016062395771621,-5.796457392071019e-06
158,ipv6.opt.length,0.0001491103080447,0.0002773759267314,0.0352344829790098,0.0260824901196213,0.0002775851609125,0.0001496512503814,0.0260566290446738,0.03418606273317,0.0018599927450183,-1.5049048700532808e-06,0.0016062395771621,5.086361288486607e-06,0.0018599927450183,1.1023086805561633e-06,0.0016062395771621,-5.796457392071019e-06
159,ipv6.opt.type.action,0.0001493529862414,0.0002774432918066,0.0350456670416265,0.0259746688348758,0.0002775851609125,0.0001496512503814,0.0259489942449878,0.0339864044396419,0.0018599927450183,-1.5049048700532808e-06,0.0016062395771621,5.086361288486607e-06,0.0018599927450183,1.1023086805561633e-06,0.0016062395771621,-5.796457392071019e-06
160,ipv6.opt.type.change,0.0001493982270007,0.0002773822566621,0.0350267396850721,0.0259750335042361,0.0002775851609125,0.0001496512503814,0.0259489942449878,0.0339864044396419,0.0018599927450183,-1.5049048700532808e-06,0.0016062395771621,5.086361288486607e-06,0.0018599927450183,1.1023086805561633e-06,0.0016062395771621,-5.796457392071019e-06
161,ipv6.opt.type,0.0001355776233385,0.0002777755511809,0.0353137091835549,0.026047712757689,0.0002775851609125,0.0001496512503814,0.0260566290446738,0.03418606273317,0.0018599927450183,-1.5049048700532808e-06,0.0016062395771621,5.086361288486607e-06,0.0018599927450183,1.1023086805561633e-06,0.0016062395771621,-5.796457392071019e-06
162,ipv6.opt.type.rest,0.0001356393854968,0.0002770100615501,0.0353105286038788,0.0260829684256417,0.0002775851609125,0.0001496512503814,0.0260566290446738,0.03418606273317,0.0018599927450183,-1.5049048700532808e-06,0.0016062395771621,5.086361288486607e-06,0.0018599927450183,1.1023086805561633e-06,0.0016062395771621,-5.796457392071019e-06
163,ipv6.tclass,0.0276283401615302,0.0288139213948825,0.0350881851727985,0.0400116564848321,0.0288125804709691,0.0276230882830883,0.0399827613956269,0.0356286002214399,8.550665874595964e-05,0.0005285010623515,-0.0005144639800125,0.0022361193522993,8.550665874595964e-05,0.0015393555076255,-0.0005144639800125,0.0028444885135903
164,abel,,,,,,,,,,,,,,,,
165,ntp.flags,0.0084750534361671,0.0092890732342576,0.0077721602979735,0.0063443580776695,0.008884556277472,0.008256318240596,0.006163415267481,0.0076421304729815,0.0078492857156501,0.008184889733162,0.0063966150440176,0.0090161596214617,0.0072432224646479,0.0089043486213533,0.0055676338261733,0.0097300223926078
166,ntp.flags.li,0.0045631960797102,0.0051874035319081,0.0067423786149478,0.0050750859951411,0.0047119516773661,0.0044134373056567,0.004921006550519,0.0065236875166561,0.003552427767589,0.0040879487368182,0.0022454329528335,0.0046511746205447,0.003552427767589,0.003920065640269,0.0022454329528335,0.0043319927740193
167,ntp.flags.mode,0.0063502382319332,0.0077042029305875,0.0042636738978718,0.0038588227993982,0.0071603587223156,0.0062972232907695,0.0036930365706943,0.0040803922539869,0.0042477427603699,0.0062266051518117,0.0038298234458572,0.0068676827888815,0.0042477427603699,0.0075086705130946,0.0038298234458572,0.0080094754482531
168,ntp.flags.vn,0.0063706844433725,0.0076060739442916,0.0067890359906518,0.0051043749381871,0.0071445287227948,0.0062519874509731,0.004938249233036,0.0065733881519033,0.0040253106675461,0.0041243317846718,0.0035014446274695,0.0046888604075464,0.0040253106675461,0.0040161323760777,0.0035014446274695,0.0044303970638391
169,ntp.ppoll,0.0050591823853093,0.0060117339368976,0.0075665420549338,0.0062049861292221,0.0054844254178282,0.0049386015512246,0.006080908838114,0.0073608105776341,0.0037057004787223,0.0048607668450978,0.0027790827942736,0.0054520925541688,0.0031681940306125,0.0047083654053571,0.0018995808568606,0.0051397883649287
170,ntp.precision,0.0077915071508735,0.0083609205110746,0.0072791737108486,0.0056238531514432,0.0081048710795672,0.0076548790123257,0.0054289760181573,0.0070132536990935,0.007254267422306,0.007534909003751,0.005565945779969,0.0048783682603689,0.007254267422306,0.0084284314258281,0.005565945779969,0.0044817443906634
171,ntp.refid,0.006270420961569,0.0077156637504112,0.0042346512782726,0.0039657634085224,0.0071603587223156,0.0062834348856979,0.0038147119607191,0.0040803272253079,0.0042070525552105,0.0062137236247408,0.0038296950695139,0.0068676120037983,0.0042206771140953,0.0075086705130946,0.0038162830834352,0.0080094754482531
172,ntp.rootdelay,0.0036876190633508,0.0050806942928401,0.0045720047879086,0.0045705379511065,0.0045151316497854,0.0035831498268196,0.0044184077400982,0.004394688698953,0.0010440484355255,0.0036038808161082,0.0012679142817266,0.0041494703112836,0.0005226181780265,0.0038162893528099,0.0005130278973035,0.0042256320308869
173,ntp.rootdispersion,0.0083662966418108,0.0092898491965482,0.0075866090350154,0.0061929995037771,0.0088294134534454,0.0082283831562115,0.0060519347391544,0.0073717497324689,0.0075759509200756,0.0082058695308775,0.006175473777753,0.0089056626470187,0.0070546867553006,0.0091339910179328,0.0054203407383088,0.0096750045882033
174,ntp.stratum,0.0062206299071576,0.0077331693351687,0.0042616220734486,0.003857167130883,0.0071603587223156,0.0062972232907695,0.0036928939260725,0.0040803534410592,0.0042477035200695,0.0062266051518117,0.0038296808054738,0.0068676827888815,0.0042477035200695,0.0075086705130946,0.0038296808054738,0.0080094754482531
175,Payload_Entropy,0.4927136770493298,0.5758225810173616,0.4440677189135796,0.4241013856401143,0.4398582322111583,0.4327805960041883,0.3787814955134024,0.4137721311460856,0.2645951661874989,0.251575603806768,0.2537068938679672,0.2530292015918888,0.2836691252368837,0.2841155320972379,0.2586239778609143,0.2864360005503085
176,srcport,0.254390641033447,0.337008683272033,0.1962389800958274,0.1699769440751649,0.3056494352413927,0.2381436494516168,0.1344535322894122,0.1473242983590227,0.0891850094500078,0.125381999766735,0.0876615136079205,0.1278281271282657,0.0975016000441849,0.1869415545461328,0.0850671019263047,0.1849455607592076
177,srcport_class,0.1547004804373401,0.2106775848863527,0.0978185162132747,0.0869967655708312,0.1696492158456668,0.144246954503236,0.0846428365216382,0.0872467274299489,0.0969826340316982,0.1508069905203491,0.0839669594541451,0.1137301738909525,0.0808149529573837,0.1629731474819291,0.072667866752533,0.1235050271399591
178,stun.att.crc32,0.0002337365809228,0.0,8.20629237581e-05,4.089219841367786e-05,0.0005011621046479,0.0,6.786466281494263e-05,7.949791454464616e-05,8.125706669859234e-05,0.0004610142017281,6.787892234838555e-05,0.000495054983763,0.0,0.0004619020746691,0.0,0.0004848621148893
179,stun.att.crc32.status,0.0004529259773346,0.0001980071637086,8.170905140339876e-05,6.814594431260192e-05,0.0005011621046479,0.0,6.786466281494263e-05,7.949791454464616e-05,8.125706669859234e-05,0.0004738203776858,6.787892234838555e-05,0.0005088065210379,0.0,0.0004754876057352,0.0,0.0004991227872314
180,stun.att.error.class,0.0002337031952675,0.0001424062686681,0.0,0.0,0.0004725242552146,0.0,0.0,0.0,0.0,0.0,0.0,0.0,0.0,0.0,0.0,0.0
181,stun.att.error,0.0002874904012535,0.0001420782404367,0.0,0.0,0.0004725242552146,0.0,0.0,0.0,0.0,0.0,0.0,0.0,0.0,0.0,0.0,0.0
182,stun.att.family,0.0,0.0,0.0,0.0,0.0,0.0,0.0,0.0,0.0,0.0,0.0,0.0,0.0,0.0,0.0,0.0
183,stun.att.ipv4-xord,2.7519268915865425e-05,0.0,0.0,0.0,0.0,0.0,0.0,0.0,0.0,0.0,0.0,0.0,0.0,0.0,0.0,0.0
184,stun.att.lifetime,0.0001518719747619,0.0003019647343246,8.18718423852599e-05,6.780423455894611e-05,0.0003017130391056,0.0003034858075692,6.786466281494263e-05,7.949791454464616e-05,0.0,1.5122575527826148e-05,0.0,2.7072902033964403e-05,0.0,1.940070708572605e-05,0.0,2.7599693928070927e-05
185,stun.att.padding,0.0014776546405123,0.0016825698737788,0.0005356449833079,0.0007258661861374,0.0016830949325257,0.001476371317812,0.0007231216999258,0.000514138351394,0.0003398063276871,0.0004757273766344,0.0003905321436573,0.0005985682998354,0.0003398063276871,0.0008799728548894,0.0003905321436573,0.0009864335491553
186,stun.att.port-xord,0.0,0.0,0.0,0.0,0.0,0.0,0.0,0.0,0.0,0.0,0.0,0.0,0.0,0.0,0.0,0.0
187,stun.att.port,-2.7543109014194163e-05,0.0,0.0,0.0,0.0,0.0,0.0,0.0,0.0,0.0,0.0,0.0,0.0,0.0,0.0,0.0
188,stun.att.reserved,0.0025792715604334,0.0028026271439144,0.0,0.0,0.0028027139186355,0.0025798412199078,0.0,0.0,0.0,0.0,0.0,0.0,0.0,0.0,0.0,0.0
189,stun.att.transp,0.0030898601585205,0.0033023399493908,0.0,0.0,0.003304465254032,0.0030900355355881,0.0,0.0,0.0,0.0,0.0,0.0,0.0,0.0,0.0,0.0
190,stun.attributes,0.0029264604531267,0.003105035279143,0.0005343952900638,0.0007259498997559,0.0031054463753545,0.002883448761056,0.0007231216999258,0.000514138351394,0.0003398063276871,0.0004431573505155,0.0003905321436573,0.0005733158870857,0.0003398063276871,0.0008693206873177,0.0003905321436573,0.001008683262457
191,stun.cookie,0.0029593483351556,0.0031059689647345,0.0005362560177005,0.0007282768831115,0.0031054463753545,0.002883448761056,0.0007231216999258,0.000514138351394,0.0003398063276871,0.0004431573505155,0.0003905321436573,0.0005733158870857,0.0003398063276871,0.0008693206873177,0.0003905321436573,0.001008683262457
192,stun.id,0.0029095207876502,0.0038090625943205,0.0009018513518917,0.0011842082301816,0.0036524333746383,0.0030283789361916,0.0005160797236858,0.0005937358008286,0.0003416765634922,0.0020838256187621,0.0003905321436573,0.0019937877542768,0.0003668641595772,0.0025136338518431,0.0003905321436573,0.0022901924554988
193,stun.length,0.0041200510321804,0.0045533238104904,0.0006157449962735,0.0007798568194846,0.0045564756207081,0.0039660583941332,0.0007907256970097,0.0005943097378905,0.0004513019329385,0.0004519191717157,0.000652041712556,0.000582401023438,0.0005317574195863,0.0008707615201759,0.0007199572678491,0.0010101637763845
194,stun.network_version,0.0029595813399626,0.0031050046195465,0.0005358284386366,0.0007282768831115,0.0031054463753545,0.002883448761056,0.0007231216999258,0.000514138351394,0.0003398063276871,0.0004431573505155,0.0003905321436573,0.0005733158870857,0.0003398063276871,0.0008693206873177,0.0003905321436573,0.001008683262457
195,stun.response-to,0.000191788096258,0.0,8.159927407776e-05,6.825429387272107e-05,0.0005011621046479,0.0,6.786466281494263e-05,7.949791454464616e-05,8.125706669859234e-05,0.0004225957471242,6.787892234838555e-05,0.0004813034470259,0.0,0.0003803890993897,0.0,0.0004135587719534
196,stun.time,0.0003849228128511,0.0001418395537079,8.167968655970243e-05,6.800901205547238e-05,0.0005011621046479,0.0,6.786466281494263e-05,7.949791454464616e-05,8.125706669859234e-05,0.0004738203776858,6.787892234838555e-05,0.0005088065210379,0.0,0.0004754876057352,0.0,0.0004991227872314
197,stun.type.class,0.0033648163249798,0.0036070870089796,0.0006172507057272,0.0007958963972289,0.0036071971974902,0.003393643015141,0.0007907256970097,0.0005943097378905,0.0004211250704547,0.0009283393595057,0.0004583000063348,0.0010762688745518,0.0004211250704547,0.0013486017249618,0.0004583000063348,0.0014999061571419
198,stun.type,0.0036939361304669,0.0042608965146546,0.0006167848369037,0.0007798409657745,0.0042604109387398,0.003666361129882,0.0007907256970097,0.0005943097378905,0.0005317574195863,0.0009283393595057,0.0007200639780325,0.0010762688745518,0.0005317574195863,0.0013486017249618,0.0007200639780325,0.0014999061571419
199,stun.type.method-assignment,0.0029428536928783,0.0031054641051516,0.000535710971792,0.0007256529258302,0.0031054463753545,0.002883448761056,0.0007231216999258,0.000514138351394,0.0003398063276871,0.0004431573505155,0.0003905321436573,0.0005733158870857,0.0003398063276871,0.0008693206873177,0.0003905321436573,0.001008683262457
200,stun.type.method,0.0033007867928872,0.003757996227817,0.0005361967791318,0.000712372844568,0.0037586707155553,0.0031561723105645,0.0007231216999258,0.000514138351394,0.0004506214203789,0.0004431573505155,0.0006525632509083,0.0005733158870857,0.0004506214203789,0.0008693206873177,0.0006525632509083,0.001008683262457
201,stun.value,0.0,0.0,0.0,1.0293409089534577e-07,0.0,0.0,0.0,0.0,0.0,0.0,0.0,0.0,0.0,0.0,0.0,0.0
202,tcp.ack,0.5029347520577351,0.4574564467667417,0.4164788717337987,0.4380570216568054,0.402050748981792,0.3517550942400043,0.3827253709579419,0.3332875787907259,0.1483550069040271,0.144316140555108,0.158807206898038,0.1432549745563109,0.1754474051442085,0.1623722318707955,0.1799903881944621,0.1541771197344354
203,tcp.ack_raw,0.5922836521631145,0.5416961467713213,0.5845087194611306,0.5793654773707766,0.0645902092482775,0.0590918759883047,0.0374434895888687,0.0440791572180865,0.0252651227471115,0.0217288722796707,0.0212293698568341,0.0092210456486462,0.025199308177892,0.0180140818202437,0.0267841322576036,0.0154754734822987
204,tcp.analysis.acks_frame,0.1066949206746074,0.0814551441014359,0.1002894506197704,0.0811808158222216,0.0057168436870653,0.0206958929246477,0.0229114225633288,0.0210890201749028,0.0211883340073014,0.0164659941429922,0.0195650062480602,0.0212593541260162,0.0224694185499719,0.013395424530158,0.0212122291250997,0.0167432223269029
205,tcp.analysis.ack_lost_segment,0.003601489718948,1.4240578936730586e-05,0.0078397578135014,0.0045524186097155,-8.588418379495977e-05,0.0,0.0045931299115034,0.0076232592639583,-0.0001601367348869,-0.0001033378939778,-8.152984120068929e-05,-9.195977822051836e-05,0.0,3.1633442232337217e-07,0.0,2.336457984641882e-06
206,tcp.analysis.ack_rtt,0.1285059260331897,0.0917273315714586,0.1289294325366924,0.1336475639416435,0.0754811142960504,0.0956315379919141,0.1226886663592312,0.1198033417988722,0.0732387335416615,0.0521906745739946,0.0780645678873459,0.0519232848818834,0.0780566130203394,0.051138438329139,0.0793460193724834,0.0468898237747911
207,tcp.analysis.bytes_in_flight,0.3450800973091056,0.3198125176781888,0.2910168819368281,0.3112285262068545,0.3155204631534066,0.3175351220094357,0.2886012468224533,0.2671581650341604,0.2035311737149692,0.2345455140385607,0.2122215435389041,0.2281014142955987,0.2039818417489656,0.2213189288083987,0.2105754178326033,0.2217258861471722
208,tcp.analysis,0.0584725276511109,0.0601933637504812,0.0490755904360922,0.0447983035407637,0.0617425645487116,0.0584787226272697,0.0384355503425708,0.0468705342405011,0.0451441800388636,0.0335305349561344,0.0429285979745643,0.0332862862266116,0.0451441800388636,0.0364153616503566,0.0429285979745643,0.0383749904715077
209,tcp.analysis.duplicate_ack,0.0046601789728169,0.0052182402394515,0.0015395746023856,0.0024918433016953,0.0052189300297064,0.0046599897201752,-0.0006680611856981,0.0013189661888538,-0.0001945621550807,-0.0001826473030888,-9.854044759771696e-05,0.0013356227877044,-0.0001945621550807,-0.0016863670785235,-9.854044759771696e-05,1.8626905427088225e-05
210,tcp.analysis.duplicate_ack_frame,0.0053235102607773,0.0065008672039001,0.0021456319592392,0.0043169238841955,0.0045872224108465,0.0038593236324008,3.612469521474537e-05,0.0011167117181108,-5.499001932829373e-05,7.283113943812314e-05,1.2681700938599327e-05,0.001027072271894,-8.560805673529792e-05,-0.0013256453758161,-1.4294146656546047e-05,0.0018234968869941
211,tcp.analysis.duplicate_ack_num,0.0057470898254027,0.006805637116999,0.0020807435918242,0.002229223731895,0.0052237241521585,0.0047356641977135,0.0003392422567044,0.0014393407212081,0.0002220949714047,-3.115644860440803e-05,0.0012666579522829,0.0009146007907721,2.103820781806931e-05,-0.0003552943774138,0.000496395809862,0.00098530334218
212,tcp.analysis.flags,0.0210012176265278,0.023044241754473,0.0288922514044774,0.0327134955985959,0.022688178462589,0.0208796879438776,0.0327144004170187,0.028893005981557,0.025463106326901,0.0176735396408986,0.0292137324479969,0.0176735396408986,0.025463106326901,0.0237922728443003,0.0292137324479969,0.0237922728443003
213,tcp.analysis.initial_rtt,0.3403162431680069,0.2758199308877552,0.2762423268272349,0.329403577378793,0.1559191989248325,0.136121708681757,0.1510864718537712,0.1218343347460589,0.0655245873846597,0.0598760807735154,0.0802866828405375,0.0598302452758992,0.0755372771004538,0.0717616221283741,0.0958269709844671,0.0654636602784346
214,tcp.analysis.keep_alive,0.0210237707574539,0.0233151854632356,0.0277500272756215,0.0322788561742806,0.0233110335763838,0.0210506698582257,0.0322274496302483,0.0271653924111772,0.0273856945097182,0.0209180210483636,0.0307495140833781,0.0209590380656463,0.0273856945097182,0.0234347477714909,0.0307495140833781,0.0234113696554952
215,tcp.analysis.keep_alive_ack,0.0002456530296087,0.0002142056804441,0.009229835753049,0.0088025938127613,0.0007159302966438,0.0,0.0066627015121812,0.0042503906264327,0.001642237072482,5.89555397787489e-05,0.0011634873503335,-1.9948570533001583e-05,0.0,3.451284446198688e-05,0.0,1.7103493748948928e-05
216,tcp.analysis.lost_segment,1.7682575798483313e-06,0.0,2.747887862575293e-05,1.464966631965492e-05,-2.6700326405171275e-05,0.0,1.2213103228742028e-07,7.075863261984949e-08,8.115888521231795e-07,-4.145957005263767e-06,6.696596922539655e-07,4.586579326071316e-05,0.0,1.2861480256698418e-05,0.0,3.1171912655558742e-06
217,tcp.analysis.out_of_order,0.0004546363384435,0.000334685194745,5.443411953725713e-05,1.499001885543194e-05,0.0003344458473714,0.0004557085298174,4.075778301937394e-05,5.299859360907712e-05,-5.34700767094165e-05,-9.602931628771572e-06,-3.9733478456982496e-05,1.2832581493538164e-05,-5.34700767094165e-05,0.0001169849040573,-3.9733478456982496e-05,0.0001403685147579
218,tcp.analysis.push_bytes_sent,0.3419288137376846,0.3129924647299934,0.2877227867387067,0.3083201672383892,0.3052141305033047,0.280712969651905,0.2909292553983205,0.2659182653633284,0.2022938243286253,0.2029358143271458,0.2193681809395374,0.1969373579049685,0.2010307505271705,0.2101506363690926,0.2173444773607661,0.2132410589905654
219,tcp.analysis.retransmission,0.0074304405658795,0.0080939734160984,0.0039775637687963,0.0044007360076163,0.0080913275295902,0.0074301987039077,0.0016571985722561,0.0028647450835022,0.0004470704747402,-0.0004338525582587,0.0005110892184629,0.0046772492455331,0.0004470704747402,-0.0006194965972901,0.0005110892184629,0.0048852298612152
220,tcp.analysis.reused_ports,0.0026901263677619,0.002500056414969,0.002883463194,0.0016677149868447,0.0024999963675703,0.0026899893549239,0.0017750765104931,0.0026316359393672,0.0028650671617371,0.0024974102948379,0.0017799108957105,0.0026820925847529,0.0028650671617371,0.0023645125689126,0.0017799108957105,0.0024839273496739
221,tcp.analysis.rto,0.0121442862359495,0.0130091123344142,0.0064097031433405,0.0048936921289071,0.0131484129708934,0.0122588862639548,0.0034453026488462,0.005162812249242,0.0029371240208048,0.0030381426450012,0.0028461848522484,0.0072826658051217,0.0027689889284847,0.0033117212451249,0.0024717010052918,0.0079866890586763
222,tcp.analysis.rto_frame,0.0100975752617856,0.0109193120141641,0.0064243706682506,0.0067143721279912,0.0059941118042989,0.0053407451845358,0.0002462608292365,0.0012330395017426,0.0008846196253496,0.0011062807140348,0.0010202814223634,0.0020539434019619,0.0001408122839061,0.0009154164776671,0.0005124183773184,0.00149951802952
223,tcp.analysis.spurious_retransmission,0.0003123571475588,0.0002273728146149,0.002838103358068,0.0016316211205724,0.0002440798959955,0.0001939643775494,0.0019334103653174,0.0024939161317664,1.1399794599742386e-05,-0.0003343600041214,4.6151457436471865e-05,-4.796822133523726e-05,7.938620874869962e-05,-0.0002250095828773,5.736314051862923e-05,1.0974282088183074e-05
224,tcp.analysis.window_update,0.0015180104328483,0.0018165594414807,0.0057538510047876,0.0032276860360677,0.0018165119396357,0.001521759357289,0.0032223652051042,0.0056038941990571,0.0056959188040136,0.0015121013539486,0.0031888124187917,0.0015170922348076,0.0056959188040136,0.0018064048136275,0.0031888124187917,0.0018046483075229
225,tcp.checksum,0.0496463158195632,0.0490708974112563,0.0446661637826803,0.0404412719381343,0.0375315497574179,0.0421133620599739,0.0256896852279363,0.0306812285638833,0.0248964857818069,0.0160228266322988,0.0226924377192425,0.0152816255582443,0.0257364614359242,0.0124128479955261,0.0239529237626076,0.0127515588082101
226,tcp.checksum.status,0.0568990903050366,0.0611479687752721,0.0488171100575972,0.044401878160189,0.0611471516248477,0.0576728288559674,0.0378114134510411,0.0442752972263404,0.0418852479100805,0.0327295243143632,0.0379024089879056,0.0305206109935605,0.0418852479100805,0.0355073989925712,0.0379024089879056,0.0353928099567666
227,tcp.completeness,0.1527797206680285,0.1347301300742887,0.1590786350222486,0.1529670538482515,0.1345790348115063,0.1517733350487031,0.1447468026028749,0.1537063957530591,0.1338900006203887,0.1003577096898264,0.1416846856311324,0.0986887771276674,0.1316461732434293,0.1098341396143458,0.1395191241387947,0.1100218260585143
228,tcp.connection.fin,0.0051099385510977,0.0045784553868947,0.0076041493872217,0.0077626833556323,0.0051793390018697,0.0043510707351174,0.0077590168441453,0.0081292534994903,0.0054065150625774,0.0051106960948285,0.0059976677147172,0.0051106960948285,0.0049804047613157,0.0052000879475119,0.0056629689563345,0.0052000879475119
229,tcp.connection.fin_active,0.0046960901079309,0.0050395854964324,0.0047777149895765,0.0057808825269219,0.0050383320990341,0.0046117461500583,0.0053966071577508,0.0040660085323436,0.0046013468864867,0.0039913207677222,0.0040668124622617,0.0043310867850309,0.0046013468864867,0.0037894497187254,0.0040668124622617,0.0047384278956218
230,tcp.connection.fin_passive,0.0026936667402131,0.0027042381940021,0.007139253503077,0.0072044275739553,0.0027064046091195,0.0025946729273131,0.0058398333157584,0.0075731654575539,0.0073625845785315,0.0024790893817918,0.0068083753478888,0.0029186707655981,0.0073625845785315,0.0026039080047529,0.0068083753478888,0.0030082945086851
231,tcp.connection.rst,0.001738268919217,0.0016409014498198,0.0002009030515869,0.0002205882278021,0.0016398516431451,0.0017385804991267,0.000292371004646,-0.0002825840299038,9.685745260079592e-05,0.0003770245564804,9.083213914640176e-05,-0.0005240945251754,9.685745260079592e-05,-0.0001622665512317,9.083213914640176e-05,0.0005791957713578
232,tcp.connection.syn,0.0062386239082928,0.0062591961786146,0.0067899195572502,0.0069869790694319,0.0062618243942488,0.0062373973969757,0.006986663332821,0.0073956122717566,0.0073532429714807,0.0061691097143812,0.0068885976916931,0.0061691097143812,0.0073532429714807,0.006199503157932,0.0068885976916931,0.006199503157932
233,tcp.connection.synack,0.0041898832536746,0.0042774344994403,0.0059173351478616,0.0051654619322743,0.0042172424929618,0.0033355814814155,0.0051411320975331,0.0056498945263795,0.0035768499925928,0.0037213540862522,0.0022572810582479,0.0037654611173481,0.0032095740549821,0.0042064007254969,0.0020460691121227,0.0045974915780636
234,tcp.dstport,0.4017264073755758,0.3288157040536245,0.3321381112924889,0.3612642903001926,0.2907881892951774,0.2789678930597895,0.3155993786739587,0.3121953998184219,0.2414978717095988,0.2128810347777724,0.2470947816617947,0.2259995813610077,0.2694191714927224,0.229309515699806,0.2633420157431985,0.2475389960173194
235,tcp.fin_retransmission,0.0030090547878019,0.0029764334262414,5.476712407141663e-05,5.461259925834128e-05,0.0029925735778093,0.0030167072301062,6.819239324329374e-05,6.635763022411201e-05,6.792477614292469e-05,0.0023774964702439,6.7990806058571e-05,0.0026629485107161,6.792477614292469e-05,0.0025198831122944,6.7990806058571e-05,0.0027306291397314
236,tcp.flags.ack,0.0640207292264769,0.0674753954035336,0.0562411041163544,0.0514371621899742,0.067477154888727,0.06402095458669,0.0448613287334234,0.0516758347505259,0.0493186039806013,0.0390226838820806,0.0449645711582068,0.0367917070883274,0.0493186039806013,0.0417603914924137,0.0449645711582068,0.0416210604212666
237,tcp.flags.ae,0.056317085992068,0.0611498497712388,0.048823489892256,0.0444036977514924,0.0611471516248477,0.0576728288559674,0.0378114134510411,0.0442752972263404,0.0418852479100805,0.0327295243143632,0.0379024089879056,0.0305206109935605,0.0418852479100805,0.0355073989925712,0.0379024089879056,0.0353928099567666
238,tcp.flags,0.1284650614218194,0.1166345326775819,0.1203122358275473,0.1115074593228825,0.1159558966291518,0.128417147130104,0.1042874400770873,0.1148499508171215,0.090129611842974,0.0670206208887558,0.0960283682910443,0.0689999503998086,0.0900516733758981,0.0860407316836924,0.0961844369618384,0.0906510414202355
239,tcp.flags.cwr,0.058339039866223,0.0620224011797832,0.0488838771266283,0.0443973142020637,0.062801061827735,0.0583391112658695,0.0378385286914554,0.0443428014214694,0.0419530501810402,0.0333906906538484,0.0379295713438309,0.0311795170847549,0.0419530501810402,0.0371423541343786,0.0379295713438309,0.0370213014688719
240,tcp.flags.ece,0.0576026986282271,0.0611393862506873,0.0488873228906355,0.0444235685597574,0.0627717901924838,0.0583391112658695,0.0378385286914554,0.0443428014214694,0.0419530501810402,0.0333906906538484,0.0379295713438309,0.0311795170847549,0.0419530501810402,0.0371134179609473,0.0379295713438309,0.036992479687396
241,tcp.flags.fin,0.0629775892337393,0.0662804119587538,0.0569275156766767,0.0521270188957835,0.0669530474314431,0.0629492347676409,0.0455475885646592,0.0523598066500493,0.0479770606170136,0.0377996140772605,0.0447131820041467,0.0355728509849395,0.0475526152968188,0.0406476635283167,0.0443744923445159,0.0405127334354198
242,tcp.flags.push,0.1075374160309613,0.1008510426998113,0.0960942048907657,0.0893171691620209,0.0966385197590603,0.0889240560115032,0.0829120267271794,0.0769643910198253,0.0752446882621916,0.0539399052323327,0.0815599504336324,0.0715176454397543,0.0838218350450898,0.0720387115336707,0.0796085166864429,0.0384129271646037
243,tcp.flags.res,0.0571537966716434,0.0611498497712388,0.0488191204213897,0.0444006183106069,0.0611471516248477,0.0576728288559674,0.0378114134510411,0.0442752972263404,0.0418852479100805,0.0327295243143632,0.0379024089879056,0.0305206109935605,0.0418852479100805,0.0355073989925712,0.0379024089879056,0.0353928099567666
244,tcp.flags.reset,0.0596538555243567,0.0629660652400069,0.049570381958252,0.044872568712031,0.062960372866208,0.0596566466182332,0.0383916050162244,0.0447398083849471,0.0420807632703915,0.0334601139522322,0.038285521512046,0.0307316257693537,0.0420807632703915,0.0356927509846465,0.038285521512046,0.0361465761913504
245,tcp.flags.str,0.1284692394635798,0.1161505763777566,0.1203435425635365,0.11150333314035,0.1159558966291518,0.128417147130104,0.1042874400770873,0.1148634291418233,0.0901431075524482,0.0670206208887558,0.0960283682910443,0.0689999503998086,0.0900651692343085,0.0860407316836924,0.0961844369618384,0.0906510414202355
246,tcp.flags.syn,0.0645292805408412,0.0667240741190998,0.0566715155022663,0.0520065591358702,0.0682776649948556,0.0645299713827556,0.0454296407426557,0.0521046417942383,0.0497493638636458,0.0395266675588236,0.0455338692553964,0.037293868061811,0.0497493638636458,0.0425508294532233,0.0455338692553964,0.0424083688192429
247,tcp.flags.urg,0.0576715329280096,0.0611454090397025,0.0488170797452025,0.0443993507400431,0.0611471516248477,0.0576728288559674,0.0378114134510411,0.0442752972263404,0.0418852479100805,0.0327295243143632,0.0379024089879056,0.0305206109935605,0.0418852479100805,0.0355073989925712,0.0379024089879056,0.0353928099567666
248,tcp.hdr_len,0.1182012170907439,0.1269478310971322,0.1114294633555006,0.1156088619939581,0.1253717062549166,0.1169715873324082,0.1084911951123588,0.1065991684546447,0.1045361947884094,0.0916238197227711,0.1088795519013303,0.0889962761588057,0.104695509960395,0.1006053281572747,0.1087044855189484,0.0963959449394086
249,tcp.len,0.3891492558740744,0.3454976075121584,0.3275870003563027,0.340226688055755,0.3092562225438744,0.3592968576324687,0.311224783731017,0.2984685962597521,0.2259677021207778,0.2243255815146026,0.2508777203588669,0.2484463720150488,0.2314315915556766,0.2135221957173549,0.2430290526936764,0.1867551945458957
250,tcp.nxtseq,0.4658285419273549,0.4466333264038234,0.4370803979171688,0.4474866236269529,0.3761075609229395,0.3391668066828079,0.3654593272566336,0.3518096233430454,0.1979548460905397,0.2043399644174534,0.191253299022568,0.2050080478579685,0.2258598574190266,0.2104871920452173,0.2229561803959727,0.2049563656247134
251,tcp.options,0.0758915378237898,0.079417737236684,0.0642365095145824,0.0741225452819046,0.079415874503118,0.075750389769739,0.0677237794799386,0.0678138009745625,0.0453329344387928,0.0670903300876878,0.0424482129425096,0.0685767263823659,0.0453329344387928,0.0703842978961221,0.0424483969243227,0.073650581284157
252,tcp.options.mss,0.008141174308053,0.0097535128674807,0.0101059442409132,0.0110021310255755,0.0097544634442497,0.0078220785585491,0.0106742636870404,0.0102218834967036,0.0094233239788915,0.0088964349419817,0.0097054302865207,0.0088830647052017,0.0092616804908052,0.010552458518664,0.0096127898022432,0.010552458518664
253,tcp.options.mss_val,0.0080876929004215,0.0097563417741612,0.0095428311810046,0.0110281805566544,0.0097544634442497,0.0078220785585491,0.0106742636870404,0.0103029796846968,0.0094233239788915,0.0088964349419817,0.0097054302865207,0.0088830647052017,0.0092616804908052,0.010552458518664,0.0096127898022432,0.010552458518664
254,tcp.options.sack.count,0.0018834539902993,0.0022785526043362,0.0015599881972057,0.0034442031911098,0.0001169364967581,0.0002048732227177,0.0015463378460895,0.0020926171698134,0.0001105844270552,0.0001552843846821,0.0004005571453946,0.0015126260680882,0.0006153049885567,-0.0005886525173393,0.0016961844034011,0.0007023426027569
255,tcp.options.sack.dsack,0.0001402183864697,0.0003498056278335,0.0014744329599367,0.0015415177412272,0.0003647912927428,0.0001542810239502,0.00134697184242,0.0017475978992566,-9.441521585884516e-06,2.3362892297651427e-05,-6.380348378187684e-05,0.0001092360671294,-9.441521585884516e-06,-1.0950349778049429e-06,-6.380348378187684e-05,8.61686931398209e-05
256,tcp.options.sack.dsack_le,0.0003347976304101,0.000450726453846,0.0019680787547033,0.0026491443150761,0.0003480465681451,0.0002535401595264,0.0018037398418093,0.0020505540568398,0.0004093225612818,-3.924231586283078e-05,0.0007997207825336,4.5183620150268666e-05,0.0006595404077792,1.6481179590410733e-05,0.0011329309802908,0.0001189277658624
257,tcp.options.sack.dsack_re,0.0002389683064794,0.0004501131854748,0.002001790098793,0.0022300984813307,0.0004783192716149,0.000295800833608,0.0017050691338675,0.0020784569764058,0.0007063838485514,-2.8152623775090653e-05,0.001138204593102,4.391343728593622e-05,0.0005216825422847,-1.4793531737167246e-05,0.0011852214545143,0.0001010184935716
258,tcp.options.sack_le,0.0023790475734994,0.0026623311440999,0.0023028153718071,0.0050683390283722,0.0004910277712588,0.0003527637524333,0.0013757177635848,0.0025293712128946,0.0003471640361411,-7.30485496083233e-05,0.0010177833549875,0.0003728028616565,0.0009847327947067,-0.001670451694719,0.0021575484313609,0.0006032799709451
259,tcp.options.sack_perm,0.0060747464603369,0.0064874535287571,0.0073795755542871,0.0076392190501727,0.0064884491955989,0.0060738987328777,0.0076387355612053,0.0078698418972948,0.0070093296573756,0.0068576219136912,0.0067106101289285,0.0068576219136912,0.0070093296573756,0.0071284890998338,0.0067106101289285,0.0071284890998338
260,tcp.options.sack_re,0.0023387456993496,0.0027176208780298,0.0024646826968612,0.0047651086450149,0.0005491397610989,0.000452085779085,0.0014740617014976,0.0026950256731104,0.0007309142861972,-6.151701286327693e-05,0.0013733290779635,0.0004256209640089,0.0008365786216302,-0.0018018846381231,0.0022385654182669,0.0001018597285534
261,tcp.options.timestamp.tsecr,0.3805978181817244,0.3116723198456699,0.3888565716553019,0.4244196293192535,0.0395783825046685,0.0550124890496283,0.039112997305056,0.0348365672847987,0.0232914482157167,0.0358274747260753,0.0252768458462679,0.0406953573612122,0.0187791732475831,0.0460949077568625,0.0239090832137199,0.014649635658158
262,tcp.options.timestamp.tsval,0.3927763108880779,0.310176297388072,0.4430854195092603,0.4709220789367623,0.0887366542598483,0.0852891540263334,0.0285563176328238,0.0172587876973399,0.0016493420261747,0.0225431928871419,0.0150120899190793,0.0394761837374372,0.0072405347268798,0.0101370630896974,0.0102342429391922,0.0142189682074944
263,tcp.options.wscale,0.017042356238287,0.0177473533312698,0.0228545026651098,0.024769328093384,0.0162225348556158,0.0155143679907012,0.0219816958937697,0.0218761658866284,0.0206587217060209,0.0173072319368706,0.0229205578871428,0.01782201200256,0.0187786730028151,0.0179269227470126,0.0198432223780187,0.0168393446914483
264,tcp.options.wscale.multiplier,0.0170793509220292,0.0175957954481607,0.0220496992096267,0.0248381600084422,0.0162225348556158,0.0155248354306818,0.0216571470411097,0.0218761658866284,0.0210225143698825,0.0172525199251625,0.0238672106322319,0.01782201200256,0.0194948721931895,0.0179269227470126,0.0211072887182548,0.0168393446914483
265,tcp.options.wscale.shift,0.0170556843425548,0.0177217952591977,0.0221993574219119,0.024841239833279,0.0162225348556158,0.0155248354306818,0.0216571470411097,0.0218761658866284,0.0210225143698825,0.0172525199251625,0.0238672106322319,0.01782201200256,0.0194948721931895,0.0179269227470126,0.0211072887182548,0.0168393446914483
266,tcp.pdu.size,0.004036091325574,0.0045418059700025,0.001623954823424,0.0007796686494371,0.0045421400969484,0.003979858759345,0.0008722097005408,0.0003278653562033,0.0004520177149662,0.0004268065856835,0.0006654077796974,0.0006099032141564,0.0005320091336419,0.0008481451310574,0.0007198114879324,0.001010135635357
267,tcp.reassembled.length,0.0189962120105453,0.0164605986139885,0.0160214356974278,0.026590022414767,0.0161095482606613,0.0143119355014348,0.0182432566955607,0.015433470312439,0.0028771150019528,0.0074642764707526,0.0056882350949817,0.0076371593859729,0.0080056897175401,0.0085979921029304,0.0111736116463693,0.0095764544790244
268,tcp.segment.count,0.0115118400523294,0.0107143337393751,0.0113695380883948,0.0153258346839035,0.0066980699786406,0.00833143644865,0.0065799043413157,0.0070454865671872,0.0014394531026857,0.0017312597092169,0.0029221181054205,0.0002627682334572,0.0017254291734621,0.003949100560629,0.0049310754110984,0.0029967564404597
269,tcp.segment,0.0129436486080843,0.0059310126707872,0.0089928063186801,0.0154023775463634,0.002271468260828,0.004163396577655,-0.0024079796626808,0.002395267484165,-5.895130782040958e-05,0.003486734638943,0.0013990138916248,0.0027734645773586,0.0001571643655133,0.0020108348789895,0.0010599674896971,0.0023246236082867
270,tcp.segment.overlap,0.0,0.0,0.0,0.0,0.0,0.0,0.0,0.0,0.0,0.0,0.0,0.0,0.0,0.0,0.0,0.0
271,tcp.segments,0.0087946027135113,0.00498395484575,0.0047234848068551,0.0068320257959687,0.0040837121350485,0.0047362388070534,-0.0015167422269664,0.0001099524384944,0.0029842219412972,0.0081589056430557,0.0038167272298721,-0.000246903816863,-0.0009904035470034,0.0037585313306855,0.0012283217726649,0.0006933866353396
272,tcp.seq,0.4449881067868186,0.4277523313851432,0.4132189167092021,0.4248356820197834,0.3574343683754852,0.3229524820531979,0.3438489434532361,0.3297442400390225,0.1875128872612684,0.1970180356377338,0.1854759431142694,0.2018301232588518,0.2176137347009147,0.2068772549342657,0.2148081033608041,0.2060736444383311
273,tcp.seq_raw,0.5998755597778133,0.5446246632549677,0.5922993622907465,0.5899141598909589,0.0396804876234717,0.0557355503316929,0.0297790943456352,0.0682863789406367,0.0240286825112223,0.0169758147958902,0.0354043866610905,0.02195302638506,0.0256586188898092,0.0197438654675389,0.025478857573568,0.0075858682108075
274,tcp.srcport,0.6631147867485605,0.6044282185501122,0.6606533203076956,0.6625630521912191,0.3786062564472865,0.3978001949586295,0.3344796032223204,0.3727786409847783,0.1829462518587151,0.1330755134575861,0.1921898544052994,0.1657248741556567,0.1872586146727841,0.1061198904171327,0.1844024309540529,0.1434352775456318
275,tcp.stream,0.5456401221089774,0.4922535297653784,0.5461860295613189,0.5081832957011758,0.1131166890124304,0.1030889726056902,0.0892673264378648,0.0469064061089364,0.1119943730510256,0.0651325580031676,0.0680011962954874,0.0155496294553096,0.083474689797661,0.0401460089474131,0.0787589439090131,0.0415036335167625
276,tcp.time_delta,0.3362329580056403,0.3268489057921485,0.3309691289006003,0.3096029698828664,0.2922809456895978,0.28371888917037,0.2774574632957921,0.3077513447300511,0.1925961713876944,0.1187415174126278,0.1892884143636534,0.1408126105996069,0.2153878539323906,0.1278359309898693,0.1981930891004586,0.1490951482933488
277,tcp.time_relative,0.2827578067636012,0.2602241044713423,0.2467934840590468,0.2469410127694376,0.2099543871747349,0.2062965834100797,0.1995920866552271,0.1857484861848873,0.1099044844243086,0.1123316328963051,0.1089306523646174,0.1137204041665973,0.1242909952323118,0.1105960479230614,0.1315482276689121,0.1166756632757314
278,tcp.urgent_pointer,0.0568990903050366,0.0611425170081753,0.0488191204213897,0.0444036140185155,0.0611471516248477,0.0576728288559674,0.0378114134510411,0.0442752972263404,0.0418852479100805,0.0327295243143632,0.0379024089879056,0.0305206109935605,0.0418852479100805,0.0355073989925712,0.0379024089879056,0.0353928099567666
279,tcp.window_size,0.6636131698245349,0.5859144509770241,0.6509838004440928,0.6841502639705779,0.5782305366756896,0.5639474844639395,0.6501517080008159,0.6200006159774447,0.4290324359667192,0.449825170511524,0.466648040813533,0.4484450251777859,0.4343308873878525,0.4607794781493123,0.4584197445273117,0.4593996148016684
280,tcp.window_size_scalefactor,0.3025967653018339,0.2772500783910528,0.2710346320299209,0.3234364466573476,0.264621693699943,0.2793600676982928,0.2993615171276848,0.2605503885514653,0.2530448852623854,0.2339171699749285,0.305039893501656,0.2504586226593945,0.260344453069472,0.1911824375880975,0.321290968825777,0.2490778669717136
281,tcp.window_size_value,0.6468888926113261,0.5761511169182201,0.6458981938506694,0.6780915814059918,0.5688937823423446,0.5303663033850436,0.6460329064425654,0.614023625652447,0.3874955204580148,0.367831983981799,0.4242418825597507,0.3658510483188729,0.3789281008491895,0.3786412012145699,0.4131740567153746,0.3917457332607972
282,tls.alert_message,0.0013032382403845,0.0013414197231352,0.0008861047908459,0.0004137727910449,0.0013413835270497,0.0011595973586515,0.0005491741149754,-0.0006014281458974,0.0001100521973538,0.0005712842530842,0.0001444839413607,-0.0007860239832186,0.0001100521973538,-0.0001948985144708,0.0001444839413607,0.0005351363163018
283,tls.change_cipher_spec,0.0008651085077948,0.0011454290331278,0.0012592208636892,0.000402685942692,0.0011436288357402,0.0009257432172781,-2.2271429297449075e-05,0.0018280759595014,4.494062669735399e-05,7.635480289003294e-05,8.751873531565035e-05,0.0009637960737283,4.494062669735399e-05,4.785967979703543e-05,8.751873531565035e-05,0.0003475548107841
284,tls.handshake.certificates,0.0005741655029891,0.0010962727953461,0.0002170453703256,0.0002767826566734,0.0013971850846468,0.0003132152454167,0.0001769353261353,-1.550539507677584e-06,3.3936903035547417e-05,0.0003224044061512,5.681722501305053e-05,2.7611053618481485e-05,-0.0001828665091612,0.0003048638054735,-0.0001335228106269,4.601846982954516e-05
285,tls.handshake.certificates_length,0.0009674486234028,0.0014442747653047,0.0002459495053133,0.0005060008949955,0.0017590601954712,0.0006959285684225,0.0002323302381193,0.0002129113533936,0.0002582457992165,0.0009921724734081,0.0002459641296378,0.0007700048942316,4.1621080370535246e-05,0.001670007770126,5.529099029222273e-05,0.0015434459563021
286,tls.handshake.challenge,0.0,0.0,0.0,0.0,0.0,0.0,0.0,0.0,0.0,0.0,0.0,0.0,0.0,0.0,0.0,0.0
287,tls.handshake.challenge_length,0.0,0.0,0.0,0.0,0.0,0.0,0.0,0.0,0.0,0.0,0.0,0.0,0.0,0.0,0.0,0.0
288,tls.handshake.ciphersuites,0.0016572018380815,0.0016439700927978,0.0012294219577216,0.0011039273122894,0.0016448569809559,0.0016564771184901,0.0001314488583183,0.00173932720647,0.0001530359261677,5.585833343413338e-05,0.0003585291622371,0.000814315743508,0.0001530359261677,1.292053198931331e-05,0.0003585291622371,0.0002183088754177
289,tls.handshake.cipher_spec_len,0.0,0.0,0.0,0.0,0.0,0.0,0.0,0.0,0.0,0.0,0.0,0.0,0.0,0.0,0.0,0.0
290,tls.handshake.cipher_suites_length,0.0059618094264117,0.0072561510314226,0.0048281191555619,0.00377026758828,0.006566910462796,0.0053189855796031,0.0034217322672533,0.0052671998652632,0.0044788558934646,0.0026353430120183,0.0032381606057848,0.0041106459484517,0.003201330213824,0.0026792211436843,0.0026170794736211,0.0042410523787572
291,tls.handshake.client_point_len,0.0025574101801133,0.0026095044498143,0.000796616474638,0.0004708241057613,0.0025501633267274,0.0025879480263669,0.0002241998397609,-0.0004195132408724,0.0001779654418713,-0.000278484761222,0.0004151087869707,-0.0003638088246922,0.0002723497343332,-0.0007603875774209,0.0005098547383001,0.000883174214343
292,tls.handshake.comp_method,0.0012115339523424,0.0011283034688317,0.0009735664891662,0.0011734718956419,0.0011287735120014,0.0011049132375146,0.0001576000833832,0.0017417456688142,-3.670715489012544e-05,4.664105814133901e-05,-4.849717732691161e-05,0.0008134788147064,-3.670715489012544e-05,9.252223007738536e-06,-4.849717732691161e-05,0.000218543503626
293,tls.handshake.comp_methods,0.001655564921905,0.0016441957073679,0.0010820607744631,0.0008327585877711,0.0016448569809559,0.0016564771184901,0.0001314488583183,0.00173932720647,0.0001530359261677,5.585833343413338e-05,0.0003585291622371,0.000814315743508,0.0001530359261677,1.292053198931331e-05,0.0003585291622371,0.0002183088754177
294,tls.handshake.comp_methods_length,0.001658530938751,0.0016458045741419,0.0010406477824573,0.0011292775910337,0.0016448569809559,0.0016564771184901,0.0001314488583183,0.00173932720647,0.0001530359261677,5.585833343413338e-05,0.0003585291622371,0.000814315743508,0.0001530359261677,1.292053198931331e-05,0.0003585291622371,0.0002183088754177
295,tls.handshake.epms_len,0.0002560890488025,0.0002079384065086,0.0001366264077446,0.00023261181331,0.0002079777063033,0.0002572356898657,0.0002452464178637,0.0001449024319373,3.083596266428845e-05,-3.880632083541613e-05,0.0002095605653893,1.5517224980499122e-06,3.083596266428845e-05,-0.0001032768813811,0.0002095605653893,1.983460357624089e-06
296,tls.handshake.extension.heartbeat.mode,0.001198681017128,0.0011954020349723,0.0017887381315866,0.00038734704377,0.0014100177187585,0.0011353028073091,0.0004891418722902,0.0016911455492788,0.0017754186317241,0.0011675117519378,0.0004893411289624,0.0013504152135407,0.0017784204560122,0.0012370372545947,0.0003916080164154,0.0014018207298274
297,tls.handshake.extensions_ec_point_formats,0.0012424140899928,0.001314981740958,0.0010338930652893,0.0011184076888351,0.0013147275447427,0.0012426790286907,0.0001356331462574,0.0017400181969071,1.7447031033679394e-05,8.565236885960115e-05,2.004223513807357e-05,0.0008146086682571,1.7447031033679394e-05,1.3226223189888309e-05,2.004223513807357e-05,0.0002182893230623
298,tls.handshake.extensions_ec_point_formats_length,0.0021628363550109,0.0024251372192877,0.0029507962205554,0.0017689840724815,0.0024241926477995,0.0021867554850536,0.0014002683588185,0.0021847229634495,0.0006611586754479,0.0008542766578406,0.0004262179947059,0.0009235557117898,0.0006611586754479,0.0002020677021639,0.0004262179947059,0.0012317050196041
299,tls.handshake.extensions_length,0.0061783610234422,0.00758567765862,0.004605134307939,0.0041541238084552,0.0073913834921748,0.0059380659099117,0.0036908838240666,0.0051423603668904,0.0043372775392139,0.0038716456365014,0.003516393280956,0.0055655987455963,0.0040229763999204,0.0040589911798009,0.0031186855547485,0.0056402793206549
300,tls.handshake.extensions_reneg_info_len,0.0004401017711063,0.0004075956709637,0.0002317924461346,5.669960148618075e-05,0.0005145524041202,-0.0003539844971209,0.0001055712068319,-0.0003881451903455,0.0001753602138993,2.3366117127610053e-05,0.0003814572685526,0.0003292352062962,0.000241323151656,-0.0007707302058059,-0.0001371179819444,0.0004678818215135
301,tls.handshake.extensions_server_name_len,0.003248141183363,0.0047477535598979,0.0033163220973078,0.0024198858885945,0.0038555848457028,0.0030266643016584,0.0019494675564583,0.0038002342835624,0.0026320800070609,0.0013184547078554,0.0014722167652188,0.002607684513561,0.0029970258426551,0.001724207153339,0.0017864131205136,0.003170514915236
302,tls.handshake.extensions_server_name_list_len,0.0031887132835254,0.0047477499554705,0.0033912497321523,0.0021459895139293,0.0038555848457028,0.0030266643016584,0.0019494675564583,0.0038002342835624,0.0026320800070609,0.0013184547078554,0.0014722167652188,0.002607684513561,0.0029970258426551,0.001724207153339,0.0017864131205136,0.003170514915236
303,tls.handshake.extensions_server_name_type,0.0013841447579819,0.0014574244510253,0.0013511576840564,0.0010684223783431,0.0014669112306363,0.0013894269671065,0.0001015865013622,0.0015530812096524,0.0018070674537898,0.0001411012984184,0.0005566997927807,0.0008184375973987,0.0018070674537898,4.5421170526971366e-05,0.0005566997927807,0.0002171226977909
304,tls.handshake.extensions_supported_groups,0.0016585075303268,0.0016431152771846,0.000909738591905,0.0013675118134128,0.0016444477413837,0.0016563520030365,0.0001225571301659,0.0017382907190214,0.0001529778163402,9.256498554310876e-05,0.0003588833304449,0.0008152363635702,0.0001529778163402,1.556984951645024e-05,0.0003588833304449,0.0002181394216435
305,tls.handshake.extensions_supported_groups_length,0.0033065157507702,0.0036005591682896,0.0032471345002656,0.0021216833879504,0.0035320041860302,0.0032786084308233,0.001779575033036,0.0024814563149792,0.0020111273440966,0.0011649060243288,0.0020501441010492,0.0012564655797907,0.0010583091745444,0.0005563042637054,0.0011473788319664,0.0015993653940625
306,tls.handshake.g_len,0.0,0.0,4.097908561868326e-05,0.0,0.0,0.0,1.3572933621253114e-05,3.9748939174022446e-05,0.0,0.0,0.0,0.0,0.0,0.0,0.0,0.0
307,tls.handshake.p_len,0.0,0.0,4.098522099986735e-05,0.0,0.0,0.0,1.3572933621253114e-05,3.9748939174022446e-05,0.0,0.0,0.0,0.0,0.0,0.0,0.0,0.0
308,tls.handshake.server_curve_type,0.0002748378266868,0.0001140194033467,0.0001360987581188,0.0002177584579774,0.0004009296395227,0.0,0.0002171668744432,0.0001324966046781,0.0001354284497409,0.0003713713119459,0.0002172125016371,0.0003987942378949,0.0,0.0003803890993897,0.0,0.0003992981071216
309,tls.handshake.server_named_curve,0.0002059558319804,0.0,0.0001360688617231,0.0002181608775021,0.0004009296395227,0.0,0.0002171668744432,0.0001324966046781,0.0001354284497409,0.0003713713119459,0.0002172125016371,0.0003987942378949,0.0,0.0003803890993897,0.0,0.0003992981071216
310,tls.handshake.server_point_len,0.0002197824789678,9.93438416297e-05,0.0001362051315872,0.0002175097816798,0.0004009296395227,0.0,0.0002171668744432,0.0001324966046781,0.0001354284497409,0.0003713713119459,0.0002172125016371,0.0003987942378949,0.0,0.0003803890993897,0.0,0.0003992981071216
311,tls.handshake.session_id_length,0.0012595022853521,0.0016016877445757,0.0020272218088941,0.0011192219556239,0.0016012203762616,0.0016148908619227,0.000650897903799,0.0017417456688142,0.0001117277703536,0.0004590924945572,0.0002510584527128,0.0008134788147064,0.0001117277703536,7.654276743340738e-05,0.0002510584527128,0.000218543503626
312,tls.handshake.session_ticket_length,4.125393886409704e-05,0.0,2.7307241134155725e-05,4.084633214640303e-05,0.0,0.0,4.071879927647348e-05,2.6499288760750688e-05,0.0,3.841724569264571e-05,0.0,4.12545553619692e-05,0.0,2.7170388580244342e-05,0.0,2.852126082253381e-05
313,tls.handshake.session_ticket_lifetime_hint,2.735091849874749e-05,2.8340173041163653e-05,2.7180065147880404e-05,4.068394082429308e-05,0.0,0.0,0.0,2.6499288760750688e-05,0.0,0.0,0.0,4.12545553619692e-05,0.0,0.0,0.0,2.852126082253381e-05
314,tls.handshake.sig_hash_alg,0.0022131890324138,0.0037252592250612,0.0022707720979141,0.0018446022839484,0.0017838291792091,0.001882986984644,0.0006768887873013,0.0024565074751142,0.0022315136637348,0.0008668577819518,0.0007888834641905,0.0014066866953896,0.0006872945737481,0.0002882838507797,0.000329506991458,0.0004650192828236
315,tls.handshake.sig_hash_algs,0.0012963263154418,0.0012021201763128,0.0010431402522504,0.0013547951017691,0.0014191811209223,0.0012752680836796,8.332702974633843e-05,0.0017315534981396,0.0018089210264203,0.0001312738727803,0.0005115831378034,0.0008187514427483,0.0018089210264203,3.3197643301008384e-05,0.0005115831378034,0.0002170119008356
316,tls.handshake.sig_hash_alg_len,0.0029723245630602,0.0035996974151481,0.0039918478959467,0.0026603180365293,0.0028345732051716,0.0029095561489593,0.0023853876304625,0.0044075511180845,0.0037235380001856,0.0010316430575595,0.0022428000030852,0.0023012227950022,0.0036960193944849,0.0011382869740198,0.0022148525753269,0.0025779530672326
317,tls.handshake.sig_len,0.0003164947809155,7.115055057522e-05,0.0001773499212624,0.0002314685219523,0.0004009296395227,0.0,0.0002307397995984,0.0001722456645082,0.0001760569897757,0.0003713713119459,0.000230788278172,0.0003987942378949,0.0,0.0003803890993897,0.0,0.0003992981071216
318,tls.handshake.version,0.0026417381375543,0.002358708869692,0.0014720909629352,0.0013959916660146,0.0025963823530933,0.0025014435864897,0.0005790243972518,0.0020272281991461,0.0017708704239827,0.000616508557513,0.0005379378116884,0.0014514533127778,0.0017708704239827,0.0006076029501689,0.0005379378116884,0.0008764406830295
319,tls.handshake.yc_len,0.0006594069987,0.000687972004033,0.0017751348470679,0.0004533613761046,0.0007022544244909,0.0006744122751413,0.0004640960291116,0.0017306631151656,0.0017853085648235,0.0006266300914324,0.000462744380522,0.000672452818593,0.0017853085648235,0.0006651127504672,0.000462744380522,0.0006978490581657
320,tls.handshake.ys_len,0.0,0.0,4.082916668572967e-05,0.0,0.0,0.0,1.3572933621253114e-05,3.9748939174022446e-05,0.0,0.0,0.0,0.0,0.0,0.0,0.0,0.0
321,tls.record.length,0.1725534188377545,0.1722798173605969,0.1447448241242751,0.1557274635543871,0.1585994480524524,0.1635685791414443,0.1490839682162131,0.1414445844164968,0.1291769547918483,0.1178908779432892,0.1250315933129546,0.1162552859782909,0.1345629925345823,0.1168048250579627,0.1431872387693817,0.1178444923494931
322,tls.resumed,0.0001098416794136,1.420481943874563e-05,0.0,2.720558792845829e-05,0.0,0.0,0.0,0.0,0.0,0.0,0.0,0.0001237636806049,0.0,0.0,0.0,0.0001853882848404
323,tls.sct.scts_length,1.375597611017465e-05,0.0,5.455997982926756e-05,8.141147163153752e-05,0.0,0.0,8.143759379042326e-05,5.299859360907712e-05,0.0,3.841724569264571e-05,0.0,4.12545553619692e-05,0.0,1.3585189263976002e-05,0.0,1.4260629785489698e-05
324,udp.checksum,0.2097615492377384,0.2977146412711877,0.1655598035044344,0.1375646651023752,0.1519844756251199,0.138670548071935,0.0755686004548927,0.1073701664631073,0.0207273824740986,0.0259729068449857,0.0222682348253424,0.0377634295563374,0.0229655071304091,0.0308656792308876,0.0230691426912735,0.0337288676741004
325,udp.checksum.status,0.0585206802631429,0.0621580224855803,0.0399646246254853,0.0360103572759305,0.0621588749230475,0.059303049717197,0.0360094649941005,0.0399695415593803,0.0399695415593803,0.059303049717197,0.0360094649941005,0.059303049717197,0.0399695415593803,0.0621588749230475,0.0360094649941005,0.0621588749230475
326,udp.dstport,0.1916259669382955,0.2740596005283599,0.1470380576476414,0.1272658219948066,0.202260682309363,0.1675588127071785,0.1220560688347373,0.1316988693123788,0.1275799147501795,0.1616846365603169,0.114264311132828,0.1542797580357787,0.1291424921125565,0.1907099898626048,0.1202943146979237,0.1863655531348756
327,udp.length.bad,0.0,0.0,0.0,0.0,0.0,0.0,0.0,0.0,0.0,0.0,0.0,0.0,0.0,0.0,0.0,0.0
328,udp.length,0.2401750414079753,0.3198157408055619,0.1898629967910306,0.1634222980049922,0.2663960066303432,0.2251935772575758,0.1554131694511074,0.1873264067673119,0.1680311453997283,0.1914477239239038,0.1437160401885006,0.1961355606033018,0.1464364298518492,0.2159200702641049,0.1256778743678932,0.2167961177374281
329,udp.possible_traceroute,0.0,0.0,0.0,5.876764859635841e-07,2.6110107587129505e-07,-1.3280337472609816e-05,0.0,0.0,0.0,0.0,1.356130640817188e-05,1.3874516628487044e-05,0.0,0.0,1.4538568827604514e-05,1.724751260701041e-07
330,udp.srcport,0.2551152960800026,0.3367286426667361,0.1962416432200626,0.1702266853250681,0.3056494352413927,0.2381436494516168,0.1344535322894122,0.1473242983590227,0.0891850094500078,0.125381999766735,0.0876615136079205,0.1278281271282657,0.0975016000441849,0.1869415545461328,0.0850671019263047,0.1849455607592076
331,udp.stream,0.2212409794505353,0.3181090068734991,0.1859532829137251,0.1565841912987897,0.0494250094742103,0.0332993643981828,0.0258161420624498,0.0362289070527455,0.0144545089577294,0.028355675023668,0.0151220808048171,0.0173684730741533,0.0282804544309376,0.0212801442009697,0.0120909765247841,0.0339003012631932
332,udp.time_delta,0.1645404482210937,0.219999193868226,0.1559526197318084,0.1319948432678136,0.1774219228183069,0.1448461073202142,0.1202771114048176,0.1416015926945673,0.1076408412346316,0.0890298304041916,0.0904122776933703,0.0760377770772422,0.1050307273215271,0.103910977425355,0.0808655058063052,0.0849672260534669
333,udp.time_relative,0.1655579894852157,0.1992387662031946,0.0906175090906035,0.0779098392213611,0.1297471215701984,0.1084552696126821,0.0469557233158114,0.0516393755588141,0.0390090108865287,0.0676173165270908,0.0431714078863876,0.0738269050487733,0.0429815022642691,0.0749391779537997,0.0367499573185905,0.0832389457036379
334,_ws.col.Protocol,0.3005513247102828,0.3461643560300292,0.2868811269404444,0.2574718139441623,0.3061634991173699,0.2571559879040995,0.2430477368524436,0.2643176467745656,0.2159709361040759,0.2480424858061732,0.2144901469992545,0.2735259714929944,0.223433711943371,0.2886548298961787,0.2030079912496349,0.2555684134700454
